indicatorId,geoUnit,year,value,qualifier,magnitude
EA.6T8.AG25T99,ABW,2000,16.39999961853027,,
EA.6T8.AG25T99,ABW,2010,12.81999969482422,,
EA.6T8.AG25T99,AFG,2014,1.91133178969913,UIS_EST,
EA.6T8.AG25T99,AFG,2017,5.26141700354864,UIS_EST,
EA.6T8.AG25T99,AFG,2020,4.32343029614258,UIS_EST,
EA.6T8.AG25T99,AFG,2021,3.069999933242798,,
EA.6T8.AG25T99,AFG,2022,3.984250068664551,,
EA.6T8.AG25T99,AGO,2011,4.04619218585005,UIS_EST,
EA.6T8.AG25T99,AGO,2014,2.630000114440918,,
EA.6T8.AG25T99,AGO,2015,1.997529983520508,,
EA.6T8.AG25T99,AGO,2019,0.0883481952448496,UIS_EST,
EA.6T8.AG25T99,AGO,2021,0.126445713057126,UIS_EST,
EA.6T8.AG25T99,ALB,2001,7.429999828338623,,
EA.6T8.AG25T99,ALB,2008,9.819999694824219,,
EA.6T8.AG25T99,ALB,2011,12,,
EA.6T8.AG25T99,ALB,2012,12.89999961853027,,
EA.6T8.AG25T99,ALB,2013,12.911321171248,UIS_EST,
EA.6T8.AG25T99,ALB,2014,13.1912443333295,UIS_EST,
EA.6T8.AG25T99,ALB,2015,14.8080073007616,UIS_EST,
EA.6T8.AG25T99,ALB,2016,14.3157793196871,UIS_EST,
EA.6T8.AG25T99,ALB,2017,16.15019989013672,,
EA.6T8.AG25T99,ALB,2018,16.4676495257928,UIS_EST,
EA.6T8.AG25T99,ALB,2019,17.3219868858012,UIS_EST,
EA.6T8.AG25T99,ALB,2020,17.80413291726708,UIS_EST,
EA.6T8.AG25T99,ALB,2021,18.2029345963077,UIS_EST,
EA.6T8.AG25T99,ALB,2022,19.8346436163563,UIS_EST,
EA.6T8.AG25T99,ALB,2023,19.02563065917583,UIS_EST,
EA.6T8.AG25T99,AND,2004,16.30999946594238,,
EA.6T8.AG25T99,AND,2005,17.20000076293945,,
EA.6T8.AG25T99,AND,2006,17.98999977111816,,
EA.6T8.AG25T99,AND,2014,21.25,,
EA.6T8.AG25T99,AND,2015,21.1299991607666,,
EA.6T8.AG25T99,AND,2016,21.04999923706055,,
EA.6T8.AG25T99,AND,2022,25.04000091552734,,
EA.6T8.AG25T99,ARE,2016,31.69000053405762,,
EA.6T8.AG25T99,ARE,2017,46.56000137329102,,
EA.6T8.AG25T99,ARE,2018,47.29000091552734,,
EA.6T8.AG25T99,ARE,2019,46.63000106811523,,
EA.6T8.AG25T99,ARE,2021,47.18000030517578,,
EA.6T8.AG25T99,ARE,2022,51.06999969482422,,
EA.6T8.AG25T99,ARE,2023,52.72000122070313,,
EA.6T8.AG25T99,ARM,2001,20.36000061035156,,
EA.6T8.AG25T99,ARM,2010,21.0760991598455,UIS_EST,
EA.6T8.AG25T99,ARM,2011,24.42000007629395,,
EA.6T8.AG25T99,ARM,2012,23.3566970910037,UIS_EST,
EA.6T8.AG25T99,ARM,2013,24.1895081541633,UIS_EST,
EA.6T8.AG25T99,ARM,2014,25.2052687113341,UIS_EST,
EA.6T8.AG25T99,ARM,2015,27.31002045,UIS_EST,
EA.6T8.AG25T99,ARM,2016,24.13476943969727,,
EA.6T8.AG25T99,ARM,2017,24.3799991607666,,
EA.6T8.AG25T99,ARM,2018,24.2692444041657,UIS_EST,
EA.6T8.AG25T99,ARM,2019,27.4885901439355,UIS_EST,
EA.6T8.AG25T99,ARM,2020,24.20999908447266,,
EA.6T8.AG25T99,ARM,2021,28.5798768876883,UIS_EST,
EA.6T8.AG25T99,ARM,2022,24.29851913452148,,
EA.6T8.AG25T99,ARM,2023,28.89863038178605,UIS_EST,
EA.6T8.AG25T99,ATG,2018,12.27747961935854,UIS_EST,
EA.6T8.AG25T99,ATG,2023,14.69452790797075,UIS_EST,
EA.6T8.AG25T99,AUS,2013,26.73999977111816,,
EA.6T8.AG25T99,AUS,2014,28.6200008392334,,
EA.6T8.AG25T99,AUS,2015,29.78000068664551,,
EA.6T8.AG25T99,AUS,2016,30.03000068664551,,
EA.6T8.AG25T99,AUS,2017,31.38999938964844,,
EA.6T8.AG25T99,AUS,2018,31.75,,
EA.6T8.AG25T99,AUS,2019,33.09000015258789,,
EA.6T8.AG25T99,AUS,2020,35.02000045776367,,
EA.6T8.AG25T99,AUS,2021,35.95999908447266,,
EA.6T8.AG25T99,AUS,2022,36.84000015258789,,
EA.6T8.AG25T99,AUS,2023,35.7648347818292,UIS_EST,
EA.6T8.AG25T99,AUT,2014,11.86999988555908,,
EA.6T8.AG25T99,AUT,2015,13.07999992370605,,
EA.6T8.AG25T99,AUT,2016,13.46000003814697,,
EA.6T8.AG25T99,AUT,2017,14.25,,
EA.6T8.AG25T99,AUT,2018,14.7956076913385,UIS_EST,
EA.6T8.AG25T99,AUT,2019,15.35999965667725,,
EA.6T8.AG25T99,AUT,2020,15.9696028307325,UIS_EST,
EA.6T8.AG25T99,AUT,2021,16.6050948264829,UIS_EST,
EA.6T8.AG25T99,AZE,2013,15.65999984741211,,
EA.6T8.AG25T99,AZE,2014,15.68000030517578,,
EA.6T8.AG25T99,AZE,2015,15.6899995803833,,
EA.6T8.AG25T99,AZE,2016,15.73999977111816,,
EA.6T8.AG25T99,AZE,2017,15.72000026702881,,
EA.6T8.AG25T99,AZE,2018,15.72999954223633,,
EA.6T8.AG25T99,AZE,2019,15.72000026702881,,
EA.6T8.AG25T99,AZE,2021,16.2499158220815,UIS_EST,
EA.6T8.AG25T99,AZE,2022,17.6716741806658,UIS_EST,
EA.6T8.AG25T99,AZE,2023,17.67000007629395,,
EA.6T8.AG25T99,BDI,2014,0.8100000023841858,,
EA.6T8.AG25T99,BDI,2017,0.9100000262260437,,
EA.6T8.AG25T99,BEL,2010,0.541976698905151,UIS_EST,
EA.6T8.AG25T99,BEL,2011,0.498997057684574,UIS_EST,
EA.6T8.AG25T99,BEL,2012,0.498984650964677,UIS_EST,
EA.6T8.AG25T99,BEL,2013,30.25,,
EA.6T8.AG25T99,BEL,2014,31.26000022888184,,
EA.6T8.AG25T99,BEL,2015,31.70999908447266,,
EA.6T8.AG25T99,BEL,2016,32.16999816894531,,
EA.6T8.AG25T99,BEL,2017,34.68999862670898,,
EA.6T8.AG25T99,BEL,2018,35.2702828263553,UIS_EST,
EA.6T8.AG25T99,BEL,2019,35.29999923706055,,
EA.6T8.AG25T99,BEL,2020,36.6534836708611,UIS_EST,
EA.6T8.AG25T99,BEL,2021,38.5315386438649,UIS_EST,
EA.6T8.AG25T99,BEL,2022,39.3851969696877,UIS_EST,
EA.6T8.AG25T99,BEL,2023,37.41103378799494,UIS_EST,
EA.6T8.AG25T99,BEN,2017,2.533119916915894,,
EA.6T8.AG25T99,BEN,2018,0,UIS_EST,NIL
EA.6T8.AG25T99,BEN,2019,3.784929990768433,,
EA.6T8.AG25T99,BEN,2021,3.061350107192993,,
EA.6T8.AG25T99,BEN,2022,3.853610038757324,,
EA.6T8.AG25T99,BFA,2007,1.029999971389771,,
EA.6T8.AG25T99,BFA,2014,0,,NIL
EA.6T8.AG25T99,BFA,2018,2.150000095367432,,
EA.6T8.AG25T99,BFA,2019,2.119590044021606,,
EA.6T8.AG25T99,BFA,2021,2.403419971466064,,
EA.6T8.AG25T99,BFA,2022,1.559929966926575,,
EA.6T8.AG25T99,BFA,2023,2.29087604699152,UIS_EST,
EA.6T8.AG25T99,BGD,2011,5.690000057220459,,
EA.6T8.AG25T99,BGD,2012,5.869999885559082,,
EA.6T8.AG25T99,BGD,2013,5.5,,
EA.6T8.AG25T99,BGD,2014,5.849999904632568,,
EA.6T8.AG25T99,BGD,2015,8.239999771118164,,
EA.6T8.AG25T99,BGD,2016,8.510000228881836,,
EA.6T8.AG25T99,BGD,2017,8.979999542236328,,
EA.6T8.AG25T99,BGD,2018,9.359999656677246,,
EA.6T8.AG25T99,BGD,2019,9.760000228881836,,
EA.6T8.AG25T99,BGD,2021,9.789999961853027,,
EA.6T8.AG25T99,BGD,2022,7.57236778039658,UIS_EST,
EA.6T8.AG25T99,BGR,2001,18.04999923706055,,
EA.6T8.AG25T99,BGR,2006,19.5,,
EA.6T8.AG25T99,BGR,2007,19.81999969482422,,
EA.6T8.AG25T99,BGR,2008,20.19000053405762,,
EA.6T8.AG25T99,BGR,2009,20.53000068664551,,
EA.6T8.AG25T99,BGR,2010,20.71999931335449,,
EA.6T8.AG25T99,BGR,2011,20.80999946594238,,
EA.6T8.AG25T99,BGR,2012,21.51000022888184,,
EA.6T8.AG25T99,BGR,2013,22.92000007629395,,
EA.6T8.AG25T99,BGR,2014,24.05999946594238,,
EA.6T8.AG25T99,BGR,2015,24.46999931335449,,
EA.6T8.AG25T99,BGR,2016,24.6299991607666,,
EA.6T8.AG25T99,BGR,2017,24.70999908447266,,
EA.6T8.AG25T99,BGR,2018,25.1136192434754,UIS_EST,
EA.6T8.AG25T99,BGR,2019,25.1552091366664,UIS_EST,
EA.6T8.AG25T99,BGR,2020,26.04999923706055,,
EA.6T8.AG25T99,BGR,2021,26.2697570350821,UIS_EST,
EA.6T8.AG25T99,BGR,2022,26.3977318736838,UIS_EST,
EA.6T8.AG25T99,BGR,2023,26.36885401099664,UIS_EST,
EA.6T8.AG25T99,BHR,2010,9.479999542236328,,
EA.6T8.AG25T99,BHR,2016,14.27999973297119,,
EA.6T8.AG25T99,BHR,2017,14.34000015258789,,
EA.6T8.AG25T99,BHR,2018,21.61000061035156,,
EA.6T8.AG25T99,BHR,2020,23.32999992370605,,
EA.6T8.AG25T99,BHR,2022,29.78000068664551,,
EA.6T8.AG25T99,BHR,2023,29.57999992370605,,
EA.6T8.AG25T99,BHS,2000,0.3400000035762787,,
EA.6T8.AG25T99,BHS,2010,15.22999954223633,,
EA.6T8.AG25T99,BIH,2014,7.829999923706055,,
EA.6T8.AG25T99,BIH,2015,7.550000190734863,,
EA.6T8.AG25T99,BIH,2016,8.380000114440918,,
EA.6T8.AG25T99,BIH,2017,7.18639746909136,UIS_EST,
EA.6T8.AG25T99,BIH,2018,7.75,,
EA.6T8.AG25T99,BIH,2019,6.99687462393019,UIS_EST,
EA.6T8.AG25T99,BIH,2020,10.59000015258789,,
EA.6T8.AG25T99,BIH,2021,11.7022619791558,UIS_EST,
EA.6T8.AG25T99,BIH,2022,12.28999996185303,,
EA.6T8.AG25T99,BIH,2023,11.2760298314996,UIS_EST,
EA.6T8.AG25T99,BLR,2009,22.07999992370605,,
EA.6T8.AG25T99,BLR,2019,28.29999923706055,,
EA.6T8.AG25T99,BLZ,2010,5.718500137,UIS_EST,
EA.6T8.AG25T99,BLZ,2015,2.569250107,UIS_EST,
EA.6T8.AG25T99,BLZ,2018,9.281839984040683,UIS_EST,
EA.6T8.AG25T99,BLZ,2019,6.68530743168967,UIS_EST,
EA.6T8.AG25T99,BLZ,2020,7.880000114440918,,
EA.6T8.AG25T99,BMU,2010,28.32999992370605,,
EA.6T8.AG25T99,BMU,2016,31.11000061035156,,
EA.6T8.AG25T99,BOL,2011,15.0740160315124,UIS_EST,
EA.6T8.AG25T99,BOL,2012,12.9347919933084,UIS_EST,
EA.6T8.AG25T99,BOL,2013,14.8252525312228,UIS_EST,
EA.6T8.AG25T99,BOL,2014,12.9951931913509,UIS_EST,
EA.6T8.AG25T99,BOL,2015,22.32999992370605,,
EA.6T8.AG25T99,BOL,2016,13.4819027610988,UIS_EST,
EA.6T8.AG25T99,BOL,2017,14.1513922452575,UIS_EST,
EA.6T8.AG25T99,BOL,2018,14.3088553200672,UIS_EST,
EA.6T8.AG25T99,BOL,2019,24.70000076293945,,
EA.6T8.AG25T99,BOL,2020,26.81999969482422,,
EA.6T8.AG25T99,BOL,2021,16.2906847199059,UIS_EST,
EA.6T8.AG25T99,BOL,2022,16.8931601509327,UIS_EST,
EA.6T8.AG25T99,BOL,2023,17.8769973723607,UIS_EST,
EA.6T8.AG25T99,BRA,2016,15.35000038146973,,
EA.6T8.AG25T99,BRA,2017,15.72999954223633,,
EA.6T8.AG25T99,BRA,2018,16.54000091552734,,
EA.6T8.AG25T99,BRB,2000,1.059999942779541,,
EA.6T8.AG25T99,BRN,2011,11.10999965667725,,
EA.6T8.AG25T99,BRN,2014,14.8701608901133,UIS_EST,
EA.6T8.AG25T99,BRN,2017,13.9772521119095,UIS_EST,
EA.6T8.AG25T99,BRN,2018,14.3216935802106,UIS_EST,
EA.6T8.AG25T99,BRN,2019,17.4602633891769,UIS_EST,
EA.6T8.AG25T99,BRN,2020,15.478036357003,UIS_EST,
EA.6T8.AG25T99,BRN,2021,15.9185585405187,UIS_EST,
EA.6T8.AG25T99,BRN,2022,17.5747004292565,UIS_EST,
EA.6T8.AG25T99,BRN,2023,18.51115305915125,UIS_EST,
EA.6T8.AG25T99,BTN,2017,10.19999980926514,,
EA.6T8.AG25T99,BWA,2019,8.18952284377296,UIS_EST,
EA.6T8.AG25T99,BWA,2020,8.33574163716494,UIS_EST,
EA.6T8.AG25T99,BWA,2021,8.84055440322341,UIS_EST,
EA.6T8.AG25T99,BWA,2022,9.51717184427069,UIS_EST,
EA.6T8.AG25T99,BWA,2023,7.444300174713135,,
EA.6T8.AG25T99,CAF,2019,1.812039971351624,,
EA.6T8.AG25T99,CAN,2010,23.5518877069459,UIS_EST,
EA.6T8.AG25T99,CAN,2011,24.0642343925542,UIS_EST,
EA.6T8.AG25T99,CAN,2012,24.7599861300214,UIS_EST,
EA.6T8.AG25T99,CAN,2013,25.383914874635,UIS_EST,
EA.6T8.AG25T99,CAN,2014,25.6870316130903,UIS_EST,
EA.6T8.AG25T99,CAN,2015,26.5778074290962,UIS_EST,
EA.6T8.AG25T99,CAN,2016,25.75,,
EA.6T8.AG25T99,CAN,2017,27.9425655038533,UIS_EST,
EA.6T8.AG25T99,CAN,2018,28.5200103391678,UIS_EST,
EA.6T8.AG25T99,CAN,2019,29.7712158527963,UIS_EST,
EA.6T8.AG25T99,CAN,2020,30.9708321337646,UIS_EST,
EA.6T8.AG25T99,CAN,2021,29.32999992370605,,
EA.6T8.AG25T99,CAN,2022,32.350085054799,UIS_EST,
EA.6T8.AG25T99,CAN,2023,32.8881852813176,UIS_EST,
EA.6T8.AG25T99,CAN,2024,34.65941419756856,UIS_EST,
EA.6T8.AG25T99,CHE,2014,34.0826570119515,UIS_EST,
EA.6T8.AG25T99,CHE,2015,35.4598164144671,UIS_EST,
EA.6T8.AG25T99,CHE,2016,36.60432031352,UIS_EST,
EA.6T8.AG25T99,CHE,2017,37.8640955541727,UIS_EST,
EA.6T8.AG25T99,CHE,2018,38.9846873383995,UIS_EST,
EA.6T8.AG25T99,CHE,2019,39.5556106518768,UIS_EST,
EA.6T8.AG25T99,CHE,2020,40.4104697107726,UIS_EST,
EA.6T8.AG25T99,CHE,2021,40.1155194415354,UIS_EST,
EA.6T8.AG25T99,CHE,2022,40.0153978057576,UIS_EST,
EA.6T8.AG25T99,CHE,2023,41.2647756874978,UIS_EST,
EA.6T8.AG25T99,CHL,2010,11.769085314258,UIS_EST,
EA.6T8.AG25T99,CHL,2011,10.35999965667725,,
EA.6T8.AG25T99,CHL,2012,12.4730714559103,UIS_EST,
EA.6T8.AG25T99,CHL,2013,11.72000026702881,,
EA.6T8.AG25T99,CHL,2014,13.3998029675384,UIS_EST,
EA.6T8.AG25T99,CHL,2015,13.10000038146973,,
EA.6T8.AG25T99,CHL,2016,13.9364817144059,UIS_EST,
EA.6T8.AG25T99,CHL,2017,14.64000034332275,,
EA.6T8.AG25T99,CHL,2018,15.5733488472031,UIS_EST,
EA.6T8.AG25T99,CHL,2019,15.926553425463,UIS_EST,
EA.6T8.AG25T99,CHL,2020,19.1351918380172,UIS_EST,
EA.6T8.AG25T99,CHL,2021,19.6066045292361,UIS_EST,
EA.6T8.AG25T99,CHL,2022,20.282567003336,UIS_EST,
EA.6T8.AG25T99,CHL,2023,21.5449905281817,UIS_EST,
EA.6T8.AG25T99,CHN,2010,3.579999923706055,,
EA.6T8.AG25T99,CHN,2020,7.679999828338623,,
EA.6T8.AG25T99,CIV,2012,6.24849731520316,UIS_EST,
EA.6T8.AG25T99,CIV,2013,2.59874597549971,UIS_EST,
EA.6T8.AG25T99,CIV,2016,3.454580069,UIS_EST,
EA.6T8.AG25T99,CIV,2019,5.226125375552,UIS_EST,
EA.6T8.AG25T99,CIV,2021,4.980000019073486,,
EA.6T8.AG25T99,CIV,2022,4.76513660737722,UIS_EST,
EA.6T8.AG25T99,CMR,2010,1.440000057220459,,
EA.6T8.AG25T99,CMR,2014,5.79577033292977,UIS_EST,
EA.6T8.AG25T99,CMR,2018,6.422389984130859,,
EA.6T8.AG25T99,COD,2012,7.35328564527744,UIS_EST,
EA.6T8.AG25T99,COD,2013,1.740000009536743,,
EA.6T8.AG25T99,COD,2016,3.480000019073486,,
EA.6T8.AG25T99,COD,2018,7.414169788360596,,
EA.6T8.AG25T99,COG,2015,7.823019981384277,,
EA.6T8.AG25T99,COK,2016,11.5147512109203,UIS_EST,
EA.6T8.AG25T99,COK,2019,21.7967111797814,UIS_EST,
EA.6T8.AG25T99,COK,2023,8.14008270574162,UIS_EST,
EA.6T8.AG25T99,COL,2007,9.6899995803833,,
EA.6T8.AG25T99,COL,2008,9.960000038146973,,
EA.6T8.AG25T99,COL,2009,9.1899995803833,,
EA.6T8.AG25T99,COL,2010,9.470000267028809,,
EA.6T8.AG25T99,COL,2011,9.520000457763672,,
EA.6T8.AG25T99,COL,2012,9.470000267028809,,
EA.6T8.AG25T99,COL,2013,10.07999992370605,,
EA.6T8.AG25T99,COL,2014,10.51000022888184,,
EA.6T8.AG25T99,COL,2015,10.30000019073486,,
EA.6T8.AG25T99,COL,2016,10.89999961853027,,
EA.6T8.AG25T99,COL,2018,11.76000022888184,,
EA.6T8.AG25T99,COL,2019,12.06999969482422,,
EA.6T8.AG25T99,COL,2020,12.85000038146973,,
EA.6T8.AG25T99,COL,2022,16.2004608172535,UIS_EST,
EA.6T8.AG25T99,COL,2023,16.4727370334322,UIS_EST,
EA.6T8.AG25T99,COM,2014,5.74592618125536,UIS_EST,
EA.6T8.AG25T99,COM,2021,3.31192526202224,UIS_EST,
EA.6T8.AG25T99,COM,2022,14.05617046356201,,
EA.6T8.AG25T99,CPV,2015,6.929999828338623,,
EA.6T8.AG25T99,CRI,2014,22.79000091552734,,
EA.6T8.AG25T99,CRI,2015,21.29999923706055,,
EA.6T8.AG25T99,CRI,2016,20.6299991607666,,
EA.6T8.AG25T99,CRI,2018,21.30999946594238,,
EA.6T8.AG25T99,CRI,2020,21.61000061035156,,
EA.6T8.AG25T99,CUB,2002,9.359999656677246,,
EA.6T8.AG25T99,CUB,2012,14.18000030517578,,
EA.6T8.AG25T99,CUB,2019,15.32876968383789,,
EA.6T8.AG25T99,CUW,2018,21.9363105690285,UIS_EST,
EA.6T8.AG25T99,CUW,2020,30.17000007629395,,
EA.6T8.AG25T99,CYM,2014,32.15999984741211,,
EA.6T8.AG25T99,CYM,2015,29.86000061035156,,
EA.6T8.AG25T99,CYP,2013,24.88999938964844,,
EA.6T8.AG25T99,CYP,2014,25.96999931335449,,
EA.6T8.AG25T99,CYP,2015,25.54999923706055,,
EA.6T8.AG25T99,CYP,2016,26.6200008392334,,
EA.6T8.AG25T99,CYP,2017,27.1771401334924,UIS_EST,
EA.6T8.AG25T99,CYP,2018,28.55999946594238,,
EA.6T8.AG25T99,CYP,2019,28.8715544418397,UIS_EST,
EA.6T8.AG25T99,CYP,2020,29.79999923706055,,
EA.6T8.AG25T99,CYP,2021,31.7849752031884,UIS_EST,
EA.6T8.AG25T99,CYP,2022,33.1645605040488,UIS_EST,
EA.6T8.AG25T99,CYP,2023,34.71650998308822,UIS_EST,
EA.6T8.AG25T99,CZE,2010,2.86714023728477,UIS_EST,
EA.6T8.AG25T99,CZE,2011,3.59428690293388,UIS_EST,
EA.6T8.AG25T99,CZE,2012,4.12966473571584,UIS_EST,
EA.6T8.AG25T99,CZE,2013,4.42498065938131,UIS_EST,
EA.6T8.AG25T99,CZE,2014,18.82999992370605,,
EA.6T8.AG25T99,CZE,2015,19.34000015258789,,
EA.6T8.AG25T99,CZE,2016,20.07999992370605,,
EA.6T8.AG25T99,CZE,2017,20.72999954223633,,
EA.6T8.AG25T99,CZE,2018,21.0019190637801,UIS_EST,
EA.6T8.AG25T99,CZE,2019,20.90999984741211,,
EA.6T8.AG25T99,CZE,2020,21.3851673811778,UIS_EST,
EA.6T8.AG25T99,CZE,2021,22.8479955978814,UIS_EST,
EA.6T8.AG25T99,CZE,2022,20.9734054015456,UIS_EST,
EA.6T8.AG25T99,CZE,2023,20.40747615797147,UIS_EST,
EA.6T8.AG25T99,DEU,2010,1.29211881332721,UIS_EST,
EA.6T8.AG25T99,DEU,2011,1.21879894449748,UIS_EST,
EA.6T8.AG25T99,DEU,2012,1.24101306362016,UIS_EST,
EA.6T8.AG25T99,DEU,2013,1.2363359927072,UIS_EST,
EA.6T8.AG25T99,DEU,2014,24.18000030517578,,
EA.6T8.AG25T99,DEU,2015,24.73999977111816,,
EA.6T8.AG25T99,DEU,2016,25.57999992370605,,
EA.6T8.AG25T99,DEU,2017,25.8552466017435,UIS_EST,
EA.6T8.AG25T99,DEU,2018,25.14999961853027,,
EA.6T8.AG25T99,DEU,2019,27.0112817257519,UIS_EST,
EA.6T8.AG25T99,DEU,2020,28.35000038146973,,
EA.6T8.AG25T99,DEU,2021,29.0407460609384,UIS_EST,
EA.6T8.AG25T99,DEU,2022,29.2060976513154,UIS_EST,
EA.6T8.AG25T99,DEU,2023,30.52945416013232,UIS_EST,
EA.6T8.AG25T99,DJI,2017,7.06433674213233,UIS_EST,
EA.6T8.AG25T99,DMA,2001,5.03000020980835,,
EA.6T8.AG25T99,DNK,2010,0.534815630322576,UIS_EST,
EA.6T8.AG25T99,DNK,2011,0.570325357640207,UIS_EST,
EA.6T8.AG25T99,DNK,2012,0.601769836873305,UIS_EST,
EA.6T8.AG25T99,DNK,2013,0.678235472115144,UIS_EST,
EA.6T8.AG25T99,DNK,2014,28.97999954223633,,
EA.6T8.AG25T99,DNK,2015,30.3799991607666,,
EA.6T8.AG25T99,DNK,2016,30.97999954223633,,
EA.6T8.AG25T99,DNK,2017,29.7281119169291,UIS_EST,
EA.6T8.AG25T99,DNK,2018,32.36000061035156,,
EA.6T8.AG25T99,DNK,2019,31.1208860786063,UIS_EST,
EA.6T8.AG25T99,DNK,2020,33.09000015258789,,
EA.6T8.AG25T99,DNK,2021,32.45201906024,UIS_EST,
EA.6T8.AG25T99,DNK,2022,32.7245712371239,UIS_EST,
EA.6T8.AG25T99,DNK,2023,33.62156693647047,UIS_EST,
EA.6T8.AG25T99,DOM,2015,11.7423169416033,UIS_EST,
EA.6T8.AG25T99,DOM,2016,18.1200008392334,,
EA.6T8.AG25T99,DOM,2017,11.724319362773,UIS_EST,
EA.6T8.AG25T99,DOM,2018,12.7266601463243,UIS_EST,
EA.6T8.AG25T99,DOM,2019,14.36085987091064,,
EA.6T8.AG25T99,DOM,2020,12.8589017550039,UIS_EST,
EA.6T8.AG25T99,DOM,2021,12.9000815898119,UIS_EST,
EA.6T8.AG25T99,DOM,2022,17.6953074742348,UIS_EST,
EA.6T8.AG25T99,DOM,2023,18.7137384761605,UIS_EST,
EA.6T8.AG25T99,DZA,2011,2.349999904632568,,
EA.6T8.AG25T99,DZA,2019,11.4359302520752,,
EA.6T8.AG25T99,ECU,2007,10.17000007629395,,
EA.6T8.AG25T99,ECU,2008,9.779999732971191,,
EA.6T8.AG25T99,ECU,2009,9.970000267028809,,
EA.6T8.AG25T99,ECU,2010,10.27000045776367,,
EA.6T8.AG25T99,ECU,2011,9.619999885559082,,
EA.6T8.AG25T99,ECU,2012,10.94999980926514,,
EA.6T8.AG25T99,ECU,2013,11.52000045776367,,
EA.6T8.AG25T99,ECU,2014,10.43000030517578,,
EA.6T8.AG25T99,ECU,2015,12.07999992370605,,
EA.6T8.AG25T99,ECU,2016,11.72000026702881,,
EA.6T8.AG25T99,ECU,2017,12.15999984741211,,
EA.6T8.AG25T99,ECU,2020,11.9399995803833,,
EA.6T8.AG25T99,ECU,2021,12.39999961853027,,
EA.6T8.AG25T99,ECU,2022,12.13000011444092,,
EA.6T8.AG25T99,EGY,2020,0,UIS_EST,NIL
EA.6T8.AG25T99,EGY,2021,17.77300071716309,,
EA.6T8.AG25T99,EGY,2023,18.05229084530897,UIS_EST,
EA.6T8.AG25T99,ESP,2010,0.506335856740785,UIS_EST,
EA.6T8.AG25T99,ESP,2011,0.565749105199291,UIS_EST,
EA.6T8.AG25T99,ESP,2012,0.582100200971526,UIS_EST,
EA.6T8.AG25T99,ESP,2013,0.56847159773396,UIS_EST,
EA.6T8.AG25T99,ESP,2014,20.37528005231,UIS_EST,
EA.6T8.AG25T99,ESP,2015,20.4723043486601,UIS_EST,
EA.6T8.AG25T99,ESP,2016,20.94000053405762,,
EA.6T8.AG25T99,ESP,2017,21.428261014924,UIS_EST,
EA.6T8.AG25T99,ESP,2018,21.94000053405762,,
EA.6T8.AG25T99,ESP,2019,23.0202729798723,UIS_EST,
EA.6T8.AG25T99,ESP,2020,23.57999992370605,,
EA.6T8.AG25T99,ESP,2021,24.6002033358869,UIS_EST,
EA.6T8.AG25T99,ESP,2022,24.7066158552807,UIS_EST,
EA.6T8.AG25T99,EST,2014,29.1377522911322,UIS_EST,
EA.6T8.AG25T99,EST,2015,29.7758218878281,UIS_EST,
EA.6T8.AG25T99,EST,2016,30.4089938538852,UIS_EST,
EA.6T8.AG25T99,EST,2017,31.7200997364782,UIS_EST,
EA.6T8.AG25T99,EST,2018,33.5756821281197,UIS_EST,
EA.6T8.AG25T99,EST,2019,33.4643721424201,UIS_EST,
EA.6T8.AG25T99,EST,2020,30.85000038146973,,
EA.6T8.AG25T99,EST,2021,31.7315712945493,UIS_EST,
EA.6T8.AG25T99,EST,2022,32.6602195135128,UIS_EST,
EA.6T8.AG25T99,ETH,2013,1.25512236208403,UIS_EST,
EA.6T8.AG25T99,ETH,2016,1.333009958267212,,
EA.6T8.AG25T99,ETH,2021,6.28919628564445,UIS_EST,
EA.6T8.AG25T99,FIN,2010,0.945088148965504,UIS_EST,
EA.6T8.AG25T99,FIN,2011,0.987624984293997,UIS_EST,
EA.6T8.AG25T99,FIN,2012,21.13999938964844,,
EA.6T8.AG25T99,FIN,2013,21.88999938964844,,
EA.6T8.AG25T99,FIN,2014,22.51000022888184,,
EA.6T8.AG25T99,FIN,2015,23.03000068664551,,
EA.6T8.AG25T99,FIN,2016,25.4359483800168,UIS_EST,
EA.6T8.AG25T99,FIN,2017,24.34000015258789,,
EA.6T8.AG25T99,FIN,2018,27.8136771931862,UIS_EST,
EA.6T8.AG25T99,FIN,2019,25.94000053405762,,
EA.6T8.AG25T99,FIN,2020,30.9471298520167,UIS_EST,
EA.6T8.AG25T99,FIN,2021,28.2076779567255,UIS_EST,
EA.6T8.AG25T99,FIN,2022,28.7976658607386,UIS_EST,
EA.6T8.AG25T99,FIN,2023,29.88814739909036,UIS_EST,
EA.6T8.AG25T99,FJI,2014,6.78124574624051,UIS_EST,
EA.6T8.AG25T99,FJI,2017,5.170000076293945,,
EA.6T8.AG25T99,FJI,2021,10.0197696685791,,
EA.6T8.AG25T99,FRA,2014,16.38999938964844,,
EA.6T8.AG25T99,FRA,2015,17.65999984741211,,
EA.6T8.AG25T99,FRA,2016,17.39999961853027,,
EA.6T8.AG25T99,FRA,2017,18,,
EA.6T8.AG25T99,FRA,2018,19.2230121754124,UIS_EST,
EA.6T8.AG25T99,FRA,2019,19.70000076293945,,
EA.6T8.AG25T99,FRA,2020,20.9787744172337,UIS_EST,
EA.6T8.AG25T99,FRA,2021,22.9377459279815,UIS_EST,
EA.6T8.AG25T99,FRA,2022,22.5577774730684,UIS_EST,
EA.6T8.AG25T99,FRA,2023,24.3546212580131,UIS_EST,
EA.6T8.AG25T99,FSM,2014,7.09629918361159,UIS_EST,
EA.6T8.AG25T99,GBR,2010,1.10243923447873,UIS_EST,
EA.6T8.AG25T99,GBR,2011,1.01876893859359,UIS_EST,
EA.6T8.AG25T99,GBR,2012,1.06229547472032,UIS_EST,
EA.6T8.AG25T99,GBR,2013,28.38999938964844,,
EA.6T8.AG25T99,GBR,2014,29.32999992370605,,
EA.6T8.AG25T99,GBR,2015,25.124318334786,UIS_EST,
EA.6T8.AG25T99,GBR,2016,26.1183955155049,UIS_EST,
EA.6T8.AG25T99,GBR,2017,33.91999816894531,,
EA.6T8.AG25T99,GBR,2018,27.8820745700868,UIS_EST,
EA.6T8.AG25T99,GBR,2019,29.0026970586479,UIS_EST,
EA.6T8.AG25T99,GBR,2020,37.27999877929688,,
EA.6T8.AG25T99,GBR,2021,39.59000015258789,,
EA.6T8.AG25T99,GBR,2022,35.8520498186996,UIS_EST,
EA.6T8.AG25T99,GBR,2023,37.1295600360898,UIS_EST,
EA.6T8.AG25T99,GEO,2010,0,UIS_EST,NIL
EA.6T8.AG25T99,GEO,2011,32.334652435145,UIS_EST,
EA.6T8.AG25T99,GEO,2012,30.17000007629395,,
EA.6T8.AG25T99,GEO,2013,33.1168603809138,UIS_EST,
EA.6T8.AG25T99,GEO,2014,30.86000061035156,,
EA.6T8.AG25T99,GEO,2015,34.65979033263,UIS_EST,
EA.6T8.AG25T99,GEO,2016,32.84999847412109,,
EA.6T8.AG25T99,GEO,2017,34.02000045776367,,
EA.6T8.AG25T99,GEO,2018,34.84975814819336,,
EA.6T8.AG25T99,GEO,2019,33.66999816894531,,
EA.6T8.AG25T99,GEO,2020,33.1648924335095,UIS_EST,
EA.6T8.AG25T99,GEO,2021,34.2079094633724,UIS_EST,
EA.6T8.AG25T99,GEO,2022,34.02000045776367,,
EA.6T8.AG25T99,GEO,2023,34.19649124145508,,
EA.6T8.AG25T99,GHA,2010,2.82865051378303,UIS_EST,
EA.6T8.AG25T99,GHA,2013,5.40798114759971,UIS_EST,
EA.6T8.AG25T99,GHA,2015,4.72734579810374,UIS_EST,
EA.6T8.AG25T99,GHA,2017,3.491499900817871,,
EA.6T8.AG25T99,GHA,2021,6.584239959716797,,
EA.6T8.AG25T99,GHA,2022,6.289559841156006,,
EA.6T8.AG25T99,GIN,2010,2.809999942779541,,
EA.6T8.AG25T99,GIN,2014,4.429999828338623,,
EA.6T8.AG25T99,GIN,2016,7.174109935760498,,
EA.6T8.AG25T99,GIN,2018,6.210000038146973,,
EA.6T8.AG25T99,GIN,2019,22.7037587668635,UIS_EST,
EA.6T8.AG25T99,GMB,2015,2.049999952316284,,
EA.6T8.AG25T99,GMB,2018,1.397709965705872,,
EA.6T8.AG25T99,GMB,2020,1.883280038833618,,
EA.6T8.AG25T99,GMB,2023,9.04935618894846,UIS_EST,
EA.6T8.AG25T99,GNB,2018,0,UIS_EST,NIL
EA.6T8.AG25T99,GNB,2019,2.20896160801344,UIS_EST,
EA.6T8.AG25T99,GNB,2022,2.620690107345581,,
EA.6T8.AG25T99,GRC,2014,22.19000053405762,,
EA.6T8.AG25T99,GRC,2015,22.93000030517578,,
EA.6T8.AG25T99,GRC,2016,20.13999938964844,,
EA.6T8.AG25T99,GRC,2017,23.5572555635058,UIS_EST,
EA.6T8.AG25T99,GRC,2018,24.1726461592243,UIS_EST,
EA.6T8.AG25T99,GRC,2019,24.4034462500955,UIS_EST,
EA.6T8.AG25T99,GRC,2020,26.04000091552734,,
EA.6T8.AG25T99,GRC,2021,28.175858366343,UIS_EST,
EA.6T8.AG25T99,GRC,2022,28.9304575794749,UIS_EST,
EA.6T8.AG25T99,GRC,2023,28.03265237572385,UIS_EST,
EA.6T8.AG25T99,GRD,2018,5.19569656308447,UIS_EST,
EA.6T8.AG25T99,GRD,2019,5.98692022756677,UIS_EST,
EA.6T8.AG25T99,GRD,2020,6.1176021911729,UIS_EST,
EA.6T8.AG25T99,GRD,2021,6.601075472041209,UIS_EST,
EA.6T8.AG25T99,GRD,2023,7.923298836905321,UIS_EST,
EA.6T8.AG25T99,GTM,2012,1.940000057220459,,
EA.6T8.AG25T99,GTM,2013,2.369999885559082,,
EA.6T8.AG25T99,GTM,2014,6.890620232,UIS_EST,
EA.6T8.AG25T99,GTM,2015,3.780420064926147,,
EA.6T8.AG25T99,GTM,2019,4.320000171661377,,
EA.6T8.AG25T99,GTM,2022,5.687849998474121,,
EA.6T8.AG25T99,GTM,2023,4.16229762058748,UIS_EST,
EA.6T8.AG25T99,GUY,2018,3.04261783315215,UIS_EST,
EA.6T8.AG25T99,GUY,2019,4.469170093536377,,
EA.6T8.AG25T99,HND,2007,4.230000019073486,,
EA.6T8.AG25T99,HND,2010,4.53402051000052,UIS_EST,
EA.6T8.AG25T99,HND,2011,5.119999885559082,,
EA.6T8.AG25T99,HND,2012,4.25,,
EA.6T8.AG25T99,HND,2013,4.92402741597648,UIS_EST,
EA.6T8.AG25T99,HND,2014,6.269999980926514,,
EA.6T8.AG25T99,HND,2015,9.350000381469727,,
EA.6T8.AG25T99,HND,2016,10.5,,
EA.6T8.AG25T99,HND,2017,5.93442751380782,UIS_EST,
EA.6T8.AG25T99,HND,2018,9.579999923706055,,
EA.6T8.AG25T99,HND,2019,9.630000114440918,,
EA.6T8.AG25T99,HRV,2010,0.243718647610981,UIS_EST,
EA.6T8.AG25T99,HRV,2011,0.226619914501176,UIS_EST,
EA.6T8.AG25T99,HRV,2012,0.292419704885478,UIS_EST,
EA.6T8.AG25T99,HRV,2013,0.312971716356663,UIS_EST,
EA.6T8.AG25T99,HRV,2014,14.2597089528039,UIS_EST,
EA.6T8.AG25T99,HRV,2015,15.3868765104451,UIS_EST,
EA.6T8.AG25T99,HRV,2016,16.057180180608,UIS_EST,
EA.6T8.AG25T99,HRV,2017,16.9888918884246,UIS_EST,
EA.6T8.AG25T99,HRV,2018,18.0253557388432,UIS_EST,
EA.6T8.AG25T99,HRV,2019,18.0067338301199,UIS_EST,
EA.6T8.AG25T99,HRV,2020,18.913670628549,UIS_EST,
EA.6T8.AG25T99,HRV,2021,18.9514047878406,UIS_EST,
EA.6T8.AG25T99,HRV,2022,19.0439770554493,UIS_EST,
EA.6T8.AG25T99,HRV,2023,21.96183809262618,UIS_EST,
EA.6T8.AG25T99,HTI,2012,5.22609637771114,UIS_EST,
EA.6T8.AG25T99,HTI,2017,4.531010150909424,,
EA.6T8.AG25T99,HUN,2013,19.43000030517578,,
EA.6T8.AG25T99,HUN,2014,19.89999961853027,,
EA.6T8.AG25T99,HUN,2015,20.67000007629395,,
EA.6T8.AG25T99,HUN,2016,20.40999984741211,,
EA.6T8.AG25T99,HUN,2017,20.7723314624609,UIS_EST,
EA.6T8.AG25T99,HUN,2018,21.7858906081459,UIS_EST,
EA.6T8.AG25T99,HUN,2019,22.5712117411655,UIS_EST,
EA.6T8.AG25T99,HUN,2020,24.07999992370605,,
EA.6T8.AG25T99,HUN,2021,25.8177377102511,UIS_EST,
EA.6T8.AG25T99,HUN,2022,26.1283451541999,UIS_EST,
EA.6T8.AG25T99,HUN,2023,26.35251272206733,UIS_EST,
EA.6T8.AG25T99,IDN,2011,4.85179887132985,UIS_EST,
EA.6T8.AG25T99,IDN,2012,5.77638038733417,UIS_EST,
EA.6T8.AG25T99,IDN,2013,6.18710368188552,UIS_EST,
EA.6T8.AG25T99,IDN,2014,7.96999979019165,,
EA.6T8.AG25T99,IDN,2015,8.479999542236328,,
EA.6T8.AG25T99,IDN,2016,8.789999961853027,,
EA.6T8.AG25T99,IDN,2017,8.233699798583984,,
EA.6T8.AG25T99,IDN,2018,9.369999885559082,,
EA.6T8.AG25T99,IDN,2019,8.78998911544875,UIS_EST,
EA.6T8.AG25T99,IDN,2020,10.52000045776367,,
EA.6T8.AG25T99,IDN,2021,9.48564159161167,UIS_EST,
EA.6T8.AG25T99,IDN,2022,9.48062134004517,UIS_EST,
EA.6T8.AG25T99,IDN,2023,9.32683739576692,UIS_EST,
EA.6T8.AG25T99,IND,2011,9.140000343322754,,
EA.6T8.AG25T99,IND,2016,10.14317035675049,,
EA.6T8.AG25T99,IND,2018,10.77999973297119,,
EA.6T8.AG25T99,IND,2019,12.01603984832764,,
EA.6T8.AG25T99,IND,2020,12.22000026702881,,
EA.6T8.AG25T99,IND,2022,12.14000034332275,,
EA.6T8.AG25T99,IND,2023,14.88000011444092,,
EA.6T8.AG25T99,IRL,2006,30.76000022888184,,
EA.6T8.AG25T99,IRL,2007,33.81000137329102,,
EA.6T8.AG25T99,IRL,2010,33.11999893188477,,
EA.6T8.AG25T99,IRL,2011,26.84000015258789,,
EA.6T8.AG25T99,IRL,2012,0.729755953440119,UIS_EST,
EA.6T8.AG25T99,IRL,2013,0.755869575051646,UIS_EST,
EA.6T8.AG25T99,IRL,2014,30.8738169818589,UIS_EST,
EA.6T8.AG25T99,IRL,2015,31.0062857893884,UIS_EST,
EA.6T8.AG25T99,IRL,2016,31.5917123267554,UIS_EST,
EA.6T8.AG25T99,IRL,2017,31.15999984741211,,
EA.6T8.AG25T99,IRL,2018,34.9246407001971,UIS_EST,
EA.6T8.AG25T99,IRL,2019,35.1964337710582,UIS_EST,
EA.6T8.AG25T99,IRL,2020,36.9319190416492,UIS_EST,
EA.6T8.AG25T99,IRL,2021,37.7408877131549,UIS_EST,
EA.6T8.AG25T99,IRL,2022,37.2724380136409,UIS_EST,
EA.6T8.AG25T99,IRL,2023,41.85235705368819,UIS_EST,
EA.6T8.AG25T99,IRN,2010,4.23527685756377,UIS_EST,
EA.6T8.AG25T99,IRN,2011,3.92986462006785,UIS_EST,
EA.6T8.AG25T99,IRN,2012,14.8100004196167,,
EA.6T8.AG25T99,IRN,2013,16.31999969482422,,
EA.6T8.AG25T99,IRN,2014,16.8700008392334,,
EA.6T8.AG25T99,IRN,2015,3.10728646168664,UIS_EST,
EA.6T8.AG25T99,IRN,2016,18.18000030517578,,
EA.6T8.AG25T99,IRN,2017,0,UIS_EST,NIL
EA.6T8.AG25T99,IRN,2018,16.8688157318634,UIS_EST,
EA.6T8.AG25T99,IRN,2019,17.3763213783019,UIS_EST,
EA.6T8.AG25T99,IRN,2020,17.3704244891422,UIS_EST,
EA.6T8.AG25T99,IRN,2021,17.7855739751062,UIS_EST,
EA.6T8.AG25T99,IRN,2022,18.2504191239883,UIS_EST,
EA.6T8.AG25T99,IRQ,2012,7.64207423128969,UIS_EST,
EA.6T8.AG25T99,IRQ,2018,10.40688991546631,,
EA.6T8.AG25T99,IRQ,2021,10.9389884273362,UIS_EST,
EA.6T8.AG25T99,ISL,2010,0.916753897856867,UIS_EST,
EA.6T8.AG25T99,ISL,2011,1.00818427826546,UIS_EST,
EA.6T8.AG25T99,ISL,2012,1.07440976335436,UIS_EST,
EA.6T8.AG25T99,ISL,2013,1.12614070286712,UIS_EST,
EA.6T8.AG25T99,ISL,2014,31.3127204414448,UIS_EST,
EA.6T8.AG25T99,ISL,2015,32.3081287827841,UIS_EST,
EA.6T8.AG25T99,ISL,2016,34.9200894505765,UIS_EST,
EA.6T8.AG25T99,ISL,2017,36.9775704753504,UIS_EST,
EA.6T8.AG25T99,ISL,2018,38.9894837476099,UIS_EST,
EA.6T8.AG25T99,ISL,2019,36.13999938964844,,
EA.6T8.AG25T99,ISL,2020,36.61999893188477,,
EA.6T8.AG25T99,ISL,2021,34.1569268492031,UIS_EST,
EA.6T8.AG25T99,ISL,2022,34.2301319569441,UIS_EST,
EA.6T8.AG25T99,ISL,2023,34.46369625733141,UIS_EST,
EA.6T8.AG25T99,ISR,2012,31.2235910186171,UIS_EST,
EA.6T8.AG25T99,ISR,2013,31.38999938964844,,
EA.6T8.AG25T99,ISR,2014,32.79000091552734,,
EA.6T8.AG25T99,ISR,2015,33.20999908447266,,
EA.6T8.AG25T99,ISR,2016,33.9819707044439,UIS_EST,
EA.6T8.AG25T99,ISR,2017,34.8950528369327,UIS_EST,
EA.6T8.AG25T99,ISR,2018,35.7983828543752,UIS_EST,
EA.6T8.AG25T99,ISR,2019,36.2310210780341,UIS_EST,
EA.6T8.AG25T99,ISR,2020,36.5067897229112,UIS_EST,
EA.6T8.AG25T99,ISR,2021,37.2001252380528,UIS_EST,
EA.6T8.AG25T99,ISR,2022,38.0541258104009,UIS_EST,
EA.6T8.AG25T99,ISR,2023,38.29997872896946,UIS_EST,
EA.6T8.AG25T99,ITA,2010,0.143374460807431,UIS_EST,
EA.6T8.AG25T99,ITA,2011,0.271797412692764,UIS_EST,
EA.6T8.AG25T99,ITA,2012,0.304969950933557,UIS_EST,
EA.6T8.AG25T99,ITA,2013,0.321288788074702,UIS_EST,
EA.6T8.AG25T99,ITA,2014,13.9848532032809,UIS_EST,
EA.6T8.AG25T99,ITA,2015,14.4994367688538,UIS_EST,
EA.6T8.AG25T99,ITA,2016,14.6699405580568,UIS_EST,
EA.6T8.AG25T99,ITA,2017,15.5496872103285,UIS_EST,
EA.6T8.AG25T99,ITA,2018,16.1499464031785,UIS_EST,
EA.6T8.AG25T99,ITA,2019,16.4097285045951,UIS_EST,
EA.6T8.AG25T99,ITA,2020,16.54999923706055,,
EA.6T8.AG25T99,ITA,2021,16.2955207429662,UIS_EST,
EA.6T8.AG25T99,ITA,2022,16.49017136321,UIS_EST,
EA.6T8.AG25T99,ITA,2023,17.58163982074366,UIS_EST,
EA.6T8.AG25T99,JAM,2011,6.809999942779541,,
EA.6T8.AG25T99,JAM,2022,10.94981002807617,,
EA.6T8.AG25T99,JOR,2017,20.92683982849121,,
EA.6T8.AG25T99,JOR,2023,23.22691917419434,,
EA.6T8.AG25T99,JPN,2010,19.90999984741211,,
EA.6T8.AG25T99,JPN,2020,25.54000091552734,,
EA.6T8.AG25T99,KAZ,2007,25.47999954223633,,
EA.6T8.AG25T99,KAZ,2009,22.80999946594238,,
EA.6T8.AG25T99,KAZ,2015,27.81067085266113,,
EA.6T8.AG25T99,KAZ,2018,34.08000183105469,,
EA.6T8.AG25T99,KAZ,2019,37.6751594543457,,
EA.6T8.AG25T99,KEN,2019,4.809080123901367,,
EA.6T8.AG25T99,KEN,2020,3.741810083389282,,
EA.6T8.AG25T99,KEN,2021,5.6796310450589,UIS_EST,
EA.6T8.AG25T99,KEN,2022,6.092589855194092,,
EA.6T8.AG25T99,KGZ,2009,16.20000076293945,,
EA.6T8.AG25T99,KGZ,2014,0,UIS_EST,NIL
EA.6T8.AG25T99,KGZ,2015,0,UIS_EST,NIL
EA.6T8.AG25T99,KGZ,2016,0,UIS_EST,NIL
EA.6T8.AG25T99,KGZ,2017,0,UIS_EST,NIL
EA.6T8.AG25T99,KGZ,2018,24.26485061645508,,
EA.6T8.AG25T99,KGZ,2023,23.92830085754395,,
EA.6T8.AG25T99,KHM,2012,2.92288281868539,UIS_EST,
EA.6T8.AG25T99,KHM,2014,5.22731062769879,UIS_EST,
EA.6T8.AG25T99,KHM,2015,5.04369810626286,UIS_EST,
EA.6T8.AG25T99,KHM,2016,6.24475774951012,UIS_EST,
EA.6T8.AG25T99,KHM,2017,4.92364491678757,UIS_EST,
EA.6T8.AG25T99,KHM,2019,0.1145899966359138,,
EA.6T8.AG25T99,KHM,2020,5.94469072505641,UIS_EST,
EA.6T8.AG25T99,KHM,2021,4.561629772186279,,
EA.6T8.AG25T99,KIR,2015,1.24421888429582,UIS_EST,
EA.6T8.AG25T99,KIR,2018,2.779920101165771,,
EA.6T8.AG25T99,KIR,2019,4.06036982986348,UIS_EST,
EA.6T8.AG25T99,KIR,2020,1.98977659977281,UIS_EST,
EA.6T8.AG25T99,KOR,2010,24.36000061035156,,
EA.6T8.AG25T99,KOR,2011,27.3989254892828,UIS_EST,
EA.6T8.AG25T99,KOR,2012,27.8424556795943,UIS_EST,
EA.6T8.AG25T99,KOR,2013,28.7843105821709,UIS_EST,
EA.6T8.AG25T99,KOR,2014,30.0865550020673,UIS_EST,
EA.6T8.AG25T99,KOR,2015,28.68000030517578,,
EA.6T8.AG25T99,KOR,2016,31.7693635130671,UIS_EST,
EA.6T8.AG25T99,KOR,2017,32.1544823012358,UIS_EST,
EA.6T8.AG25T99,KOR,2018,33.0220803138345,UIS_EST,
EA.6T8.AG25T99,KOR,2019,33.6001867814651,UIS_EST,
EA.6T8.AG25T99,KOR,2020,33.8704392121558,UIS_EST,
EA.6T8.AG25T99,KOR,2021,34.2422504003791,UIS_EST,
EA.6T8.AG25T99,KOR,2022,34.5359720822941,UIS_EST,
EA.6T8.AG25T99,KOR,2023,35.6374378641889,UIS_EST,
EA.6T8.AG25T99,KWT,2005,8.460000038146973,,
EA.6T8.AG25T99,KWT,2006,8.300000190734863,,
EA.6T8.AG25T99,KWT,2007,8.069999694824219,,
EA.6T8.AG25T99,KWT,2008,8.279999732971191,,
EA.6T8.AG25T99,KWT,2012,9.520000457763672,,
EA.6T8.AG25T99,KWT,2013,8.710000038146973,,
EA.6T8.AG25T99,KWT,2015,9.59000015258789,,
EA.6T8.AG25T99,KWT,2017,10.67000007629395,,
EA.6T8.AG25T99,KWT,2018,11.11999988555908,,
EA.6T8.AG25T99,LAO,2010,4.15012303986916,UIS_EST,
EA.6T8.AG25T99,LAO,2017,5.154769897460938,,
EA.6T8.AG25T99,LAO,2022,5.19384692034626,UIS_EST,
EA.6T8.AG25T99,LBN,2018,25.46138000488281,,
EA.6T8.AG25T99,LBN,2019,22.1418572343192,UIS_EST,
EA.6T8.AG25T99,LBR,2010,3.01420058948892,UIS_EST,
EA.6T8.AG25T99,LBR,2014,5.47951809922818,UIS_EST,
EA.6T8.AG25T99,LBR,2016,3.66464829169487,UIS_EST,
EA.6T8.AG25T99,LBR,2017,3.39418653462293,UIS_EST,
EA.6T8.AG25T99,LBR,2019,5.064499855041504,,
EA.6T8.AG25T99,LKA,2001,13.69999980926514,,
EA.6T8.AG25T99,LKA,2008,13.88000011444092,,
EA.6T8.AG25T99,LKA,2009,14.10999965667725,,
EA.6T8.AG25T99,LKA,2016,0.797130850935751,UIS_EST,
EA.6T8.AG25T99,LKA,2017,0.665928067461317,UIS_EST,
EA.6T8.AG25T99,LKA,2018,0.684106388364467,UIS_EST,
EA.6T8.AG25T99,LKA,2019,0.746382995221786,UIS_EST,
EA.6T8.AG25T99,LKA,2020,0.69269700894833,UIS_EST,
EA.6T8.AG25T99,LKA,2021,0.756617153899247,UIS_EST,
EA.6T8.AG25T99,LKA,2022,0.911603049595537,UIS_EST,
EA.6T8.AG25T99,LSO,2018,3.937639951705933,,
EA.6T8.AG25T99,LSO,2019,5.61074007526189,UIS_EST,
EA.6T8.AG25T99,LTU,2010,0.391175281642119,UIS_EST,
EA.6T8.AG25T99,LTU,2011,0.442148130576078,UIS_EST,
EA.6T8.AG25T99,LTU,2012,0.450368643417564,UIS_EST,
EA.6T8.AG25T99,LTU,2013,26.38999938964844,,
EA.6T8.AG25T99,LTU,2014,31.5,,
EA.6T8.AG25T99,LTU,2015,33.09999847412109,,
EA.6T8.AG25T99,LTU,2016,33.93999862670898,,
EA.6T8.AG25T99,LTU,2017,34.54000091552734,,
EA.6T8.AG25T99,LTU,2018,35.9517203726528,UIS_EST,
EA.6T8.AG25T99,LTU,2019,37.3273225516796,UIS_EST,
EA.6T8.AG25T99,LTU,2020,38.09999847412109,,
EA.6T8.AG25T99,LTU,2021,40.1166545191792,UIS_EST,
EA.6T8.AG25T99,LTU,2022,41.4149148254964,UIS_EST,
EA.6T8.AG25T99,LTU,2023,41.30705484785878,UIS_EST,
EA.6T8.AG25T99,LUX,2010,2.26092465513512,UIS_EST,
EA.6T8.AG25T99,LUX,2011,1.40041583894638,UIS_EST,
EA.6T8.AG25T99,LUX,2012,1.37520491000744,UIS_EST,
EA.6T8.AG25T99,LUX,2013,1.59169473251303,UIS_EST,
EA.6T8.AG25T99,LUX,2014,32.6653523983588,UIS_EST,
EA.6T8.AG25T99,LUX,2015,30.550118896407,UIS_EST,
EA.6T8.AG25T99,LUX,2016,34.5298527888845,UIS_EST,
EA.6T8.AG25T99,LUX,2017,32.7315592876103,UIS_EST,
EA.6T8.AG25T99,LUX,2018,35.6957458759022,UIS_EST,
EA.6T8.AG25T99,LUX,2019,37.9993758551984,UIS_EST,
EA.6T8.AG25T99,LUX,2020,38.1812847132283,UIS_EST,
EA.6T8.AG25T99,LUX,2021,41.7206810323815,UIS_EST,
EA.6T8.AG25T99,LUX,2022,42.3309166771307,UIS_EST,
EA.6T8.AG25T99,LUX,2023,41.85196040829826,UIS_EST,
EA.6T8.AG25T99,LVA,2010,0.276932173902708,UIS_EST,
EA.6T8.AG25T99,LVA,2011,0.344332573846406,UIS_EST,
EA.6T8.AG25T99,LVA,2012,0.405498020103563,UIS_EST,
EA.6T8.AG25T99,LVA,2013,27.69000053405762,,
EA.6T8.AG25T99,LVA,2014,26.6299991607666,,
EA.6T8.AG25T99,LVA,2015,27.70000076293945,,
EA.6T8.AG25T99,LVA,2016,29.11000061035156,,
EA.6T8.AG25T99,LVA,2017,29.2247144411691,UIS_EST,
EA.6T8.AG25T99,LVA,2018,30.03000068664551,,
EA.6T8.AG25T99,LVA,2019,30.94000053405762,,
EA.6T8.AG25T99,LVA,2020,32.7584526466603,UIS_EST,
EA.6T8.AG25T99,LVA,2021,31.4416405510326,UIS_EST,
EA.6T8.AG25T99,LVA,2022,31.9501526697174,UIS_EST,
EA.6T8.AG25T99,MAC,2014,33.0235573805921,UIS_EST,
EA.6T8.AG25T99,MCO,2016,44.1762580549037,UIS_EST,
EA.6T8.AG25T99,MDA,2007,15.09000015258789,,
EA.6T8.AG25T99,MDA,2008,15.61999988555908,,
EA.6T8.AG25T99,MDA,2009,16.27000045776367,,
EA.6T8.AG25T99,MDA,2010,16.96999931335449,,
EA.6T8.AG25T99,MDA,2011,17.8700008392334,,
EA.6T8.AG25T99,MDA,2012,18.86000061035156,,
EA.6T8.AG25T99,MDA,2013,19.04000091552734,,
EA.6T8.AG25T99,MDA,2014,20.09000015258789,,
EA.6T8.AG25T99,MDA,2015,19.3700008392334,,
EA.6T8.AG25T99,MDA,2016,18.8268283362424,UIS_EST,
EA.6T8.AG25T99,MDA,2017,18.9358167783647,UIS_EST,
EA.6T8.AG25T99,MDA,2018,20.1200008392334,,
EA.6T8.AG25T99,MDA,2019,20.04999923706055,,
EA.6T8.AG25T99,MDA,2020,20.19000053405762,,
EA.6T8.AG25T99,MDA,2021,20.43000030517578,,
EA.6T8.AG25T99,MDA,2022,20.38999938964844,,
EA.6T8.AG25T99,MDA,2023,20.9641449953977,UIS_EST,
EA.6T8.AG25T99,MDG,2015,2.67682739261421,UIS_EST,
EA.6T8.AG25T99,MDG,2018,2.755000114,UIS_EST,
EA.6T8.AG25T99,MDG,2021,2.927390098571777,,
EA.6T8.AG25T99,MDV,2014,1.4142720833792,UIS_EST,
EA.6T8.AG25T99,MDV,2016,8.53483435991343,UIS_EST,
EA.6T8.AG25T99,MDV,2017,6.359049797058105,,
EA.6T8.AG25T99,MDV,2019,10.9565272009233,UIS_EST,
EA.6T8.AG25T99,MEX,2010,12.76000022888184,,
EA.6T8.AG25T99,MEX,2013,14.31999969482422,,
EA.6T8.AG25T99,MEX,2014,13.96000003814697,,
EA.6T8.AG25T99,MEX,2015,14.77999973297119,,
EA.6T8.AG25T99,MEX,2016,14.71000003814697,,
EA.6T8.AG25T99,MEX,2017,15.36999988555908,,
EA.6T8.AG25T99,MEX,2018,16.02000045776367,,
EA.6T8.AG25T99,MEX,2020,17.1299991607666,,
EA.6T8.AG25T99,MHL,2011,3.660000085830688,,
EA.6T8.AG25T99,MHL,2019,6.20028153337479,UIS_EST,
EA.6T8.AG25T99,MHL,2021,4.18941621167576,UIS_EST,
EA.6T8.AG25T99,MKD,2010,11.5935749062656,UIS_EST,
EA.6T8.AG25T99,MKD,2011,13.6029104789169,UIS_EST,
EA.6T8.AG25T99,MKD,2012,14.2136545643905,UIS_EST,
EA.6T8.AG25T99,MKD,2013,13.2775440307068,UIS_EST,
EA.6T8.AG25T99,MKD,2014,14.136225362801,UIS_EST,
EA.6T8.AG25T99,MKD,2015,15.2407365857819,UIS_EST,
EA.6T8.AG25T99,MKD,2016,17.0363018068308,UIS_EST,
EA.6T8.AG25T99,MKD,2017,17.2211838975892,UIS_EST,
EA.6T8.AG25T99,MKD,2018,21.12611961364746,,
EA.6T8.AG25T99,MKD,2019,17.5378622612993,UIS_EST,
EA.6T8.AG25T99,MKD,2020,21.68000030517578,,
EA.6T8.AG25T99,MKD,2021,19.3952505952694,UIS_EST,
EA.6T8.AG25T99,MKD,2022,19.8216213417038,UIS_EST,
EA.6T8.AG25T99,MKD,2023,21.0402165578517,UIS_EST,
EA.6T8.AG25T99,MLI,2015,2.651710033416748,,
EA.6T8.AG25T99,MLI,2016,1.54111202650516,UIS_EST,
EA.6T8.AG25T99,MLI,2017,1.63739519375148,UIS_EST,
EA.6T8.AG25T99,MLI,2018,3.127170085906982,,
EA.6T8.AG25T99,MLI,2019,3.092329978942871,,
EA.6T8.AG25T99,MLI,2020,1.559999942779541,,
EA.6T8.AG25T99,MLI,2022,2.334249973297119,,
EA.6T8.AG25T99,MLT,2013,13.09000015258789,,
EA.6T8.AG25T99,MLT,2014,13.46000003814697,,
EA.6T8.AG25T99,MLT,2015,13.27999973297119,,
EA.6T8.AG25T99,MLT,2016,13.48999977111816,,
EA.6T8.AG25T99,MLT,2017,16.7203630770664,UIS_EST,
EA.6T8.AG25T99,MLT,2018,18.42000007629395,,
EA.6T8.AG25T99,MLT,2019,20.462172583433,UIS_EST,
EA.6T8.AG25T99,MLT,2020,21.84000015258789,,
EA.6T8.AG25T99,MLT,2021,22.5654574313324,UIS_EST,
EA.6T8.AG25T99,MLT,2022,22.617417243938,UIS_EST,
EA.6T8.AG25T99,MLT,2023,26.30498250630738,UIS_EST,
EA.6T8.AG25T99,MMR,2017,6.76923601153809,UIS_EST,
EA.6T8.AG25T99,MMR,2018,7.42544791393225,UIS_EST,
EA.6T8.AG25T99,MMR,2019,9.350000381469727,,
EA.6T8.AG25T99,MMR,2020,12.3559696343221,UIS_EST,
EA.6T8.AG25T99,MNE,2014,16.2787480798211,UIS_EST,
EA.6T8.AG25T99,MNE,2015,16.9737661698028,UIS_EST,
EA.6T8.AG25T99,MNE,2016,19.2003730432744,UIS_EST,
EA.6T8.AG25T99,MNE,2017,19.3194944539764,UIS_EST,
EA.6T8.AG25T99,MNE,2018,21.45082092285156,,
EA.6T8.AG25T99,MNE,2019,19.7658883846105,UIS_EST,
EA.6T8.AG25T99,MNE,2020,19.5769782924972,UIS_EST,
EA.6T8.AG25T99,MNE,2021,59.2587922096118,UIS_EST,
EA.6T8.AG25T99,MNE,2022,61.0905197857258,UIS_EST,
EA.6T8.AG25T99,MNG,2000,12.22999954223633,,
EA.6T8.AG25T99,MNG,2010,23.70999908447266,,
EA.6T8.AG25T99,MNG,2011,15.34821120411108,UIS_EST,
EA.6T8.AG25T99,MNG,2012,24.30225222653942,UIS_EST,
EA.6T8.AG25T99,MNG,2013,26.5189302844063,UIS_EST,
EA.6T8.AG25T99,MNG,2014,26.716423920714,UIS_EST,
EA.6T8.AG25T99,MNG,2015,29.1100380785481,UIS_EST,
EA.6T8.AG25T99,MNG,2016,29.1731634080574,UIS_EST,
EA.6T8.AG25T99,MNG,2017,29.9934099966658,UIS_EST,
EA.6T8.AG25T99,MNG,2018,29.28216934204102,,
EA.6T8.AG25T99,MNG,2019,31.9047844687137,UIS_EST,
EA.6T8.AG25T99,MNG,2020,32.59999847412109,,
EA.6T8.AG25T99,MNG,2021,32.8566634582572,UIS_EST,
EA.6T8.AG25T99,MNG,2022,31.64414024353027,,
EA.6T8.AG25T99,MNG,2023,31.7103157061099,UIS_EST,
EA.6T8.AG25T99,MOZ,2015,2.49363815190491,UIS_EST,
EA.6T8.AG25T99,MOZ,2017,1.830000042915344,,
EA.6T8.AG25T99,MOZ,2020,3.319999933242798,,
EA.6T8.AG25T99,MOZ,2022,3.037729978561401,,
EA.6T8.AG25T99,MRT,2012,4.30885921897395,UIS_EST,
EA.6T8.AG25T99,MRT,2013,2.539999961853027,,
EA.6T8.AG25T99,MRT,2015,5.169660091400146,,
EA.6T8.AG25T99,MRT,2017,4.71308902790103,UIS_EST,
EA.6T8.AG25T99,MRT,2019,2.92197428370784,UIS_EST,
EA.6T8.AG25T99,MSR,2020,25.7026858213616,UIS_EST,
EA.6T8.AG25T99,MUS,2012,6.42994042994043,UIS_EST,
EA.6T8.AG25T99,MUS,2013,7.03904560884547,UIS_EST,
EA.6T8.AG25T99,MUS,2014,7.66235020768827,UIS_EST,
EA.6T8.AG25T99,MUS,2015,8.4009302068049,UIS_EST,
EA.6T8.AG25T99,MUS,2016,7.71900333825071,UIS_EST,
EA.6T8.AG25T99,MUS,2017,8.26654066837488,UIS_EST,
EA.6T8.AG25T99,MUS,2018,9.33039271241682,UIS_EST,
EA.6T8.AG25T99,MUS,2019,9.48778767869735,UIS_EST,
EA.6T8.AG25T99,MUS,2020,11.9311512348773,UIS_EST,
EA.6T8.AG25T99,MUS,2021,0,UIS_EST,NIL
EA.6T8.AG25T99,MWI,2011,0.781154029345509,UIS_EST,
EA.6T8.AG25T99,MWI,2015,1.377910017967224,,
EA.6T8.AG25T99,MWI,2017,0.872150101849221,UIS_EST,
EA.6T8.AG25T99,MWI,2020,1.320950031280518,,
EA.6T8.AG25T99,MYS,2016,11.3100004196167,,
EA.6T8.AG25T99,MYS,2017,13.0671643197798,UIS_EST,
EA.6T8.AG25T99,MYS,2018,13.2122899865073,UIS_EST,
EA.6T8.AG25T99,MYS,2019,12.39000034332275,,
EA.6T8.AG25T99,MYS,2020,14.0993814703028,UIS_EST,
EA.6T8.AG25T99,MYS,2021,16.4668376993199,UIS_EST,
EA.6T8.AG25T99,MYS,2022,14.5600004196167,,
EA.6T8.AG25T99,NAM,2012,5.54650406369195,UIS_EST,
EA.6T8.AG25T99,NAM,2013,6.06335964775014,UIS_EST,
EA.6T8.AG25T99,NAM,2014,5.68375645482394,UIS_EST,
EA.6T8.AG25T99,NAM,2016,9.27557584221992,UIS_EST,
EA.6T8.AG25T99,NCL,2014,0,UIS_EST,NIL
EA.6T8.AG25T99,NCL,2019,15.18865966796875,,
EA.6T8.AG25T99,NCL,2022,19.5735039748593,UIS_EST,
EA.6T8.AG25T99,NER,2011,1.37539532639909,UIS_EST,
EA.6T8.AG25T99,NER,2012,1.019999980926514,,
EA.6T8.AG25T99,NER,2014,1.1348649837939,UIS_EST,
EA.6T8.AG25T99,NER,2017,1.16503778091146,UIS_EST,
EA.6T8.AG25T99,NER,2018,1.083320021629333,,
EA.6T8.AG25T99,NER,2019,1.09039513055497,UIS_EST,
EA.6T8.AG25T99,NER,2022,0.9713000059127808,,
EA.6T8.AG25T99,NGA,2006,9.039999961853027,,
EA.6T8.AG25T99,NGA,2016,5.937829971313477,,
EA.6T8.AG25T99,NGA,2018,8.148079872131348,,
EA.6T8.AG25T99,NGA,2019,6.571269989013672,,
EA.6T8.AG25T99,NGA,2021,10.96539974212646,,
EA.6T8.AG25T99,NGA,2022,3.47727273608675,UIS_EST,
EA.6T8.AG25T99,NGA,2023,3.802413849507381,UIS_EST,
EA.6T8.AG25T99,NIU,2017,27.0906949352179,UIS_EST,
EA.6T8.AG25T99,NIU,2022,24.2117117117117,UIS_EST,
EA.6T8.AG25T99,NLD,2010,0.597920970957509,UIS_EST,
EA.6T8.AG25T99,NLD,2011,0.484562204253158,UIS_EST,
EA.6T8.AG25T99,NLD,2012,0.468291633041137,UIS_EST,
EA.6T8.AG25T99,NLD,2013,27.21999931335449,,
EA.6T8.AG25T99,NLD,2014,28.01000022888184,,
EA.6T8.AG25T99,NLD,2015,28.8700008392334,,
EA.6T8.AG25T99,NLD,2016,29.40999984741211,,
EA.6T8.AG25T99,NLD,2017,30.2854928334383,UIS_EST,
EA.6T8.AG25T99,NLD,2018,31.09000015258789,,
EA.6T8.AG25T99,NLD,2019,32.7396489311361,UIS_EST,
EA.6T8.AG25T99,NLD,2020,34.77000045776367,,
EA.6T8.AG25T99,NLD,2021,35.511966869788,UIS_EST,
EA.6T8.AG25T99,NLD,2022,36.6276970898632,UIS_EST,
EA.6T8.AG25T99,NLD,2023,36.55733139877559,UIS_EST,
EA.6T8.AG25T99,NOR,2010,0.693232783747628,UIS_EST,
EA.6T8.AG25T99,NOR,2011,0.680939587977885,UIS_EST,
EA.6T8.AG25T99,NOR,2012,0.607396092267306,UIS_EST,
EA.6T8.AG25T99,NOR,2013,0.65100333824794,UIS_EST,
EA.6T8.AG25T99,NOR,2014,25.72999954223633,,
EA.6T8.AG25T99,NOR,2015,26.64999961853027,,
EA.6T8.AG25T99,NOR,2016,27.32999992370605,,
EA.6T8.AG25T99,NOR,2017,28.06999969482422,,
EA.6T8.AG25T99,NOR,2018,30.0355527929332,UIS_EST,
EA.6T8.AG25T99,NOR,2019,29.29000091552734,,
EA.6T8.AG25T99,NOR,2020,32.1195337173679,UIS_EST,
EA.6T8.AG25T99,NOR,2021,30.4537934294493,UIS_EST,
EA.6T8.AG25T99,NOR,2022,31.1733206270668,UIS_EST,
EA.6T8.AG25T99,NOR,2023,32.18682557428635,UIS_EST,
EA.6T8.AG25T99,NPL,2011,4.559999942779541,,
EA.6T8.AG25T99,NPL,2017,5.81882394120773,UIS_EST,
EA.6T8.AG25T99,NRU,2021,1.56774916013437,UIS_EST,
EA.6T8.AG25T99,NRU,2023,2.116400003433228,,
EA.6T8.AG25T99,NZL,2014,26.14999961853027,,
EA.6T8.AG25T99,NZL,2015,25.86000061035156,,
EA.6T8.AG25T99,NZL,2016,28.10000038146973,,
EA.6T8.AG25T99,NZL,2017,29.7358140766735,UIS_EST,
EA.6T8.AG25T99,NZL,2018,31.2374538625914,UIS_EST,
EA.6T8.AG25T99,NZL,2019,31.6728109147052,UIS_EST,
EA.6T8.AG25T99,NZL,2020,32.27999877929688,,
EA.6T8.AG25T99,OMN,2010,12.31999969482422,,
EA.6T8.AG25T99,OMN,2015,12.46000003814697,,
EA.6T8.AG25T99,OMN,2017,5.81013716870154,UIS_EST,
EA.6T8.AG25T99,OMN,2018,5.81011748855743,UIS_EST,
EA.6T8.AG25T99,OMN,2019,5.81015793939725,UIS_EST,
EA.6T8.AG25T99,OMN,2020,17.10000038146973,,
EA.6T8.AG25T99,OMN,2021,13.9395334623162,UIS_EST,
EA.6T8.AG25T99,OMN,2022,19.11000061035156,,
EA.6T8.AG25T99,PAK,2005,3.920000076293945,,
EA.6T8.AG25T99,PAK,2006,6.300000190734863,,
EA.6T8.AG25T99,PAK,2008,6.070000171661377,,
EA.6T8.AG25T99,PAK,2009,6.670000076293945,,
EA.6T8.AG25T99,PAK,2010,6.96999979019165,,
EA.6T8.AG25T99,PAK,2011,7.400000095367432,,
EA.6T8.AG25T99,PAK,2012,7.539999961853027,,
EA.6T8.AG25T99,PAK,2013,7.989999771118164,,
EA.6T8.AG25T99,PAK,2014,8.75,,
EA.6T8.AG25T99,PAK,2015,8.06536227255248,UIS_EST,
EA.6T8.AG25T99,PAK,2016,16.1812781477153,UIS_EST,
EA.6T8.AG25T99,PAK,2017,8.649999618530273,,
EA.6T8.AG25T99,PAK,2018,3.890779972076416,,
EA.6T8.AG25T99,PAK,2019,8.951080322265625,,
EA.6T8.AG25T99,PAK,2021,9.928680419921875,,
EA.6T8.AG25T99,PAN,2010,16.09000015258789,,
EA.6T8.AG25T99,PAN,2019,19.6299991607666,,
EA.6T8.AG25T99,PAN,2022,16.2066171024572,UIS_EST,
EA.6T8.AG25T99,PAN,2023,16.1276831726238,UIS_EST,
EA.6T8.AG25T99,PHL,2010,16.43481064,UIS_EST,
EA.6T8.AG25T99,PHL,2013,16.99505997,UIS_EST,
EA.6T8.AG25T99,PHL,2017,16.02000045776367,,
EA.6T8.AG25T99,PHL,2019,24.41179085,UIS_EST,
EA.6T8.AG25T99,PHL,2020,20.34000015258789,,
EA.6T8.AG25T99,PHL,2021,21.7091607099008,UIS_EST,
EA.6T8.AG25T99,PHL,2022,18.07571983337402,,
EA.6T8.AG25T99,PLW,2014,19.8220421108272,UIS_EST,
EA.6T8.AG25T99,PLW,2020,14.6928746928746,UIS_EST,
EA.6T8.AG25T99,PNG,2018,2.150409936904907,,
EA.6T8.AG25T99,PNG,2022,3.13966266418628,UIS_EST,
EA.6T8.AG25T99,POL,2010,0.527205190259555,UIS_EST,
EA.6T8.AG25T99,POL,2011,0.510186889424301,UIS_EST,
EA.6T8.AG25T99,POL,2012,0.519515464770855,UIS_EST,
EA.6T8.AG25T99,POL,2013,22.6299991607666,,
EA.6T8.AG25T99,POL,2014,23.70000076293945,,
EA.6T8.AG25T99,POL,2015,24.2688183058948,UIS_EST,
EA.6T8.AG25T99,POL,2016,24.95000076293945,,
EA.6T8.AG25T99,POL,2017,25.8786210917776,UIS_EST,
EA.6T8.AG25T99,POL,2018,26.4762529716292,UIS_EST,
EA.6T8.AG25T99,POL,2019,27.2586543302357,UIS_EST,
EA.6T8.AG25T99,POL,2020,28.01000022888184,,
EA.6T8.AG25T99,POL,2021,28.2374705508277,UIS_EST,
EA.6T8.AG25T99,POL,2022,28.6453567025489,UIS_EST,
EA.6T8.AG25T99,PRI,2012,14.71000003814697,,
EA.6T8.AG25T99,PRI,2017,7.590000152587891,,
EA.6T8.AG25T99,PRI,2022,29.83585929870605,,
EA.6T8.AG25T99,PRI,2023,30.83381080627441,,
EA.6T8.AG25T99,PRK,2010,27.0118774832396,UIS_EST,
EA.6T8.AG25T99,PRK,2011,27.3989254892828,UIS_EST,
EA.6T8.AG25T99,PRK,2012,27.8424556795943,UIS_EST,
EA.6T8.AG25T99,PRK,2013,28.7843105821709,UIS_EST,
EA.6T8.AG25T99,PRK,2014,30.0865550020673,UIS_EST,
EA.6T8.AG25T99,PRK,2015,30.9340772162887,UIS_EST,
EA.6T8.AG25T99,PRK,2016,31.7693635130671,UIS_EST,
EA.6T8.AG25T99,PRK,2017,32.1544823012358,UIS_EST,
EA.6T8.AG25T99,PRK,2018,33.0220803138345,UIS_EST,
EA.6T8.AG25T99,PRK,2019,33.6001867814651,UIS_EST,
EA.6T8.AG25T99,PRK,2020,33.8704392121558,UIS_EST,
EA.6T8.AG25T99,PRK,2021,34.2422504003791,UIS_EST,
EA.6T8.AG25T99,PRK,2022,34.5359720822941,UIS_EST,
EA.6T8.AG25T99,PRT,2000,7.28000020980835,,
EA.6T8.AG25T99,PRT,2001,7.570000171661377,,
EA.6T8.AG25T99,PRT,2002,7.699999809265137,,
EA.6T8.AG25T99,PRT,2003,8.949999809265137,,
EA.6T8.AG25T99,PRT,2004,10.22999954223633,,
EA.6T8.AG25T99,PRT,2005,10.44999980926514,,
EA.6T8.AG25T99,PRT,2006,11.06999969482422,,
EA.6T8.AG25T99,PRT,2007,11.21000003814697,,
EA.6T8.AG25T99,PRT,2008,11.59000015258789,,
EA.6T8.AG25T99,PRT,2009,11.97999954223633,,
EA.6T8.AG25T99,PRT,2010,12.65999984741211,,
EA.6T8.AG25T99,PRT,2011,14.11999988555908,,
EA.6T8.AG25T99,PRT,2012,15.23999977111816,,
EA.6T8.AG25T99,PRT,2013,15.86999988555908,,
EA.6T8.AG25T99,PRT,2014,17.47999954223633,,
EA.6T8.AG25T99,PRT,2015,18.18000030517578,,
EA.6T8.AG25T99,PRT,2016,19,,
EA.6T8.AG25T99,PRT,2017,19.25,,
EA.6T8.AG25T99,PRT,2018,18.64999961853027,,
EA.6T8.AG25T99,PRT,2019,20.71999931335449,,
EA.6T8.AG25T99,PRT,2020,22.51000022888184,,
EA.6T8.AG25T99,PRT,2021,25.0265225418249,UIS_EST,
EA.6T8.AG25T99,PRT,2022,25.3610609835698,UIS_EST,
EA.6T8.AG25T99,PRT,2023,23.9583301911284,UIS_EST,
EA.6T8.AG25T99,PRY,2012,9.229999542236328,,
EA.6T8.AG25T99,PRY,2013,12.18000030517578,,
EA.6T8.AG25T99,PRY,2014,11.71000003814697,,
EA.6T8.AG25T99,PRY,2015,12.80000019073486,,
EA.6T8.AG25T99,PRY,2016,12.35000038146973,,
EA.6T8.AG25T99,PRY,2018,13.02000045776367,,
EA.6T8.AG25T99,PRY,2019,13.98999977111816,,
EA.6T8.AG25T99,PRY,2020,14.1899995803833,,
EA.6T8.AG25T99,PSE,2010,13.9264369395314,UIS_EST,
EA.6T8.AG25T99,PSE,2011,15.0932184411168,UIS_EST,
EA.6T8.AG25T99,PSE,2012,15.7001715577393,UIS_EST,
EA.6T8.AG25T99,PSE,2013,16.26000022888184,,
EA.6T8.AG25T99,PSE,2014,16.60000038146973,,
EA.6T8.AG25T99,PSE,2015,17.1200008392334,,
EA.6T8.AG25T99,PSE,2016,17.59000015258789,,
EA.6T8.AG25T99,PSE,2017,18.02000045776367,,
EA.6T8.AG25T99,PSE,2018,19.09000015258789,,
EA.6T8.AG25T99,PSE,2019,21.67661094665527,,
EA.6T8.AG25T99,PSE,2020,21.70999908447266,,
EA.6T8.AG25T99,PSE,2021,22.1371749748599,UIS_EST,
EA.6T8.AG25T99,PSE,2022,22.75,,
EA.6T8.AG25T99,QAT,2004,20.86000061035156,,
EA.6T8.AG25T99,QAT,2007,25.1299991607666,,
EA.6T8.AG25T99,QAT,2008,21.15999984741211,,
EA.6T8.AG25T99,QAT,2009,19.27000045776367,,
EA.6T8.AG25T99,QAT,2010,17.1200008392334,,
EA.6T8.AG25T99,QAT,2011,18.79999923706055,,
EA.6T8.AG25T99,QAT,2012,20.8799991607666,,
EA.6T8.AG25T99,QAT,2013,20.51000022888184,,
EA.6T8.AG25T99,QAT,2014,20.30999946594238,,
EA.6T8.AG25T99,QAT,2015,17.8108094610146,UIS_EST,
EA.6T8.AG25T99,QAT,2016,18.8799991607666,,
EA.6T8.AG25T99,QAT,2017,19.03000068664551,,
EA.6T8.AG25T99,QAT,2018,19.974573147958,UIS_EST,
EA.6T8.AG25T99,QAT,2019,19.6199399427819,UIS_EST,
EA.6T8.AG25T99,QAT,2020,27.9772481947805,UIS_EST,
EA.6T8.AG25T99,QAT,2021,28.7944862486701,UIS_EST,
EA.6T8.AG25T99,QAT,2022,30.38999938964844,,
EA.6T8.AG25T99,ROU,2010,0.0483801865884338,UIS_EST,
EA.6T8.AG25T99,ROU,2011,0,UIS_EST,NIL
EA.6T8.AG25T99,ROU,2012,0.0647354647665949,UIS_EST,
EA.6T8.AG25T99,ROU,2013,0.0709681471875227,UIS_EST,
EA.6T8.AG25T99,ROU,2014,13.01000022888184,,
EA.6T8.AG25T99,ROU,2015,14.0779940024087,UIS_EST,
EA.6T8.AG25T99,ROU,2016,14.2660110516369,UIS_EST,
EA.6T8.AG25T99,ROU,2017,14.3637039120305,UIS_EST,
EA.6T8.AG25T99,ROU,2018,14.5098527969748,UIS_EST,
EA.6T8.AG25T99,ROU,2019,14.7860216528033,UIS_EST,
EA.6T8.AG25T99,ROU,2020,15.1375657893669,UIS_EST,
EA.6T8.AG25T99,ROU,2021,13.977129198251,UIS_EST,
EA.6T8.AG25T99,ROU,2022,15.2834616142576,UIS_EST,
EA.6T8.AG25T99,ROU,2023,14.60108932805682,UIS_EST,
EA.6T8.AG25T99,RUS,2010,59.2599983215332,,
EA.6T8.AG25T99,RUS,2021,41.22000122070313,,
EA.6T8.AG25T99,RWA,2012,2.099999904632568,,
EA.6T8.AG25T99,RWA,2014,2.289999961853027,,
EA.6T8.AG25T99,RWA,2015,2.206660032272339,,
EA.6T8.AG25T99,RWA,2017,5.61589026951343,UIS_EST,
EA.6T8.AG25T99,RWA,2018,4.130000114440918,,
EA.6T8.AG25T99,RWA,2019,6.01935705557429,UIS_EST,
EA.6T8.AG25T99,RWA,2020,3.307909965515137,,
EA.6T8.AG25T99,RWA,2021,5.86872089618957,UIS_EST,
EA.6T8.AG25T99,RWA,2022,4.460000038146973,,
EA.6T8.AG25T99,RWA,2023,5.14924034897064,UIS_EST,
EA.6T8.AG25T99,SAU,2004,14.93000030517578,,
EA.6T8.AG25T99,SAU,2013,19.94000053405762,,
EA.6T8.AG25T99,SAU,2017,25.97999954223633,,
EA.6T8.AG25T99,SAU,2018,24.75289462956239,UIS_EST,
EA.6T8.AG25T99,SAU,2019,24.53763504258719,UIS_EST,
EA.6T8.AG25T99,SAU,2020,31.04999923706055,,
EA.6T8.AG25T99,SAU,2021,31.1062124280316,UIS_EST,
EA.6T8.AG25T99,SAU,2022,31.3336488869736,UIS_EST,
EA.6T8.AG25T99,SAU,2023,30.8887484783962,UIS_EST,
EA.6T8.AG25T99,SDN,2011,9.64025663714755,UIS_EST,
EA.6T8.AG25T99,SDN,2022,8.078720092773438,,
EA.6T8.AG25T99,SEN,2011,2.049999952316284,,
EA.6T8.AG25T99,SEN,2013,3.119999885559082,,
EA.6T8.AG25T99,SEN,2015,2.51695990562439,,
EA.6T8.AG25T99,SEN,2016,3.620670080184937,,
EA.6T8.AG25T99,SEN,2017,2.759999990463257,,
EA.6T8.AG25T99,SEN,2018,3.165940046310425,,
EA.6T8.AG25T99,SEN,2019,3.640539884567261,,
EA.6T8.AG25T99,SEN,2022,4.90400881209774,UIS_EST,
EA.6T8.AG25T99,SEN,2023,3.811530113220215,,
EA.6T8.AG25T99,SGP,2005,17.53000068664551,,
EA.6T8.AG25T99,SGP,2006,19.60000038146973,,
EA.6T8.AG25T99,SGP,2007,20.09000015258789,,
EA.6T8.AG25T99,SGP,2008,21.79999923706055,,
EA.6T8.AG25T99,SGP,2009,22.54000091552734,,
EA.6T8.AG25T99,SGP,2010,23.68000030517578,,
EA.6T8.AG25T99,SGP,2011,24.54999923706055,,
EA.6T8.AG25T99,SGP,2012,25.68000030517578,,
EA.6T8.AG25T99,SGP,2013,27.34000015258789,,
EA.6T8.AG25T99,SGP,2014,27.73999977111816,,
EA.6T8.AG25T99,SGP,2015,28.20999908447266,,
EA.6T8.AG25T99,SGP,2016,29.1299991607666,,
EA.6T8.AG25T99,SGP,2017,30.70999908447266,,
EA.6T8.AG25T99,SGP,2018,31.60000038146973,,
EA.6T8.AG25T99,SGP,2019,32.36999893188477,,
EA.6T8.AG25T99,SGP,2020,32.97999954223633,,
EA.6T8.AG25T99,SGP,2021,36.06000137329102,,
EA.6T8.AG25T99,SGP,2022,36.18999862670898,,
EA.6T8.AG25T99,SLB,2013,12.8985769634645,UIS_EST,
EA.6T8.AG25T99,SLE,2004,0.8500000238418579,,
EA.6T8.AG25T99,SLE,2014,3.3499818915345,UIS_EST,
EA.6T8.AG25T99,SLE,2017,2.141570091247559,,
EA.6T8.AG25T99,SLE,2018,1.90912629385749,UIS_EST,
EA.6T8.AG25T99,SLE,2019,1.958230018615723,,
EA.6T8.AG25T99,SLV,2013,6.059999942779541,,
EA.6T8.AG25T99,SLV,2016,7.119999885559082,,
EA.6T8.AG25T99,SLV,2017,6.670000076293945,,
EA.6T8.AG25T99,SLV,2019,8.34000015258789,,
EA.6T8.AG25T99,SLV,2020,8.430000305175781,,
EA.6T8.AG25T99,SLV,2023,7.269999980926514,,
EA.6T8.AG25T99,SMR,2018,15.76000022888184,,
EA.6T8.AG25T99,SMR,2020,18.19000053405762,,
EA.6T8.AG25T99,SMR,2022,18.38999938964844,,
EA.6T8.AG25T99,SOM,2022,4.269999980926514,,
EA.6T8.AG25T99,SRB,2002,7.869999885559082,,
EA.6T8.AG25T99,SRB,2010,9.76889327459015,UIS_EST,
EA.6T8.AG25T99,SRB,2011,11.80000019073486,,
EA.6T8.AG25T99,SRB,2012,10.9039058278247,UIS_EST,
EA.6T8.AG25T99,SRB,2013,11.46000003814697,,
EA.6T8.AG25T99,SRB,2014,12.64999961853027,,
EA.6T8.AG25T99,SRB,2015,13.57999992370605,,
EA.6T8.AG25T99,SRB,2016,14.51000022888184,,
EA.6T8.AG25T99,SRB,2017,14.89999961853027,,
EA.6T8.AG25T99,SRB,2018,15.4879373957659,UIS_EST,
EA.6T8.AG25T99,SRB,2019,15.52000045776367,,
EA.6T8.AG25T99,SRB,2020,16.2851517037267,UIS_EST,
EA.6T8.AG25T99,SRB,2021,16.9075476071256,UIS_EST,
EA.6T8.AG25T99,SRB,2022,17.0843821027237,UIS_EST,
EA.6T8.AG25T99,SRB,2023,18.6692014707128,UIS_EST,
EA.6T8.AG25T99,SSD,2008,3.769999980926514,,
EA.6T8.AG25T99,STP,2012,3.259999990463257,,
EA.6T8.AG25T99,STP,2017,2.75315551476567,UIS_EST,
EA.6T8.AG25T99,STP,2019,4.847970008850098,,
EA.6T8.AG25T99,SUR,2018,4.951389789581299,,
EA.6T8.AG25T99,SUR,2022,8.930620193481445,,
EA.6T8.AG25T99,SVK,2010,0,UIS_EST,NIL
EA.6T8.AG25T99,SVK,2011,18.56999969482422,,
EA.6T8.AG25T99,SVK,2012,13.7725563533213,UIS_EST,
EA.6T8.AG25T99,SVK,2013,14.7576356467027,UIS_EST,
EA.6T8.AG25T99,SVK,2014,18.05999946594238,,
EA.6T8.AG25T99,SVK,2015,18.92000007629395,,
EA.6T8.AG25T99,SVK,2016,19.63999938964844,,
EA.6T8.AG25T99,SVK,2017,20.68000030517578,,
EA.6T8.AG25T99,SVK,2018,21.88999938964844,,
EA.6T8.AG25T99,SVK,2019,22.86000061035156,,
EA.6T8.AG25T99,SVK,2020,23.6204921916894,UIS_EST,
EA.6T8.AG25T99,SVK,2021,24.5144330902146,UIS_EST,
EA.6T8.AG25T99,SVK,2022,25.8375119756338,UIS_EST,
EA.6T8.AG25T99,SVK,2023,25.28862783481164,UIS_EST,
EA.6T8.AG25T99,SVN,2014,18.21999931335449,,
EA.6T8.AG25T99,SVN,2015,18.80999946594238,,
EA.6T8.AG25T99,SVN,2016,19.63999938964844,,
EA.6T8.AG25T99,SVN,2017,20.68000030517578,,
EA.6T8.AG25T99,SVN,2018,20.6114621804863,UIS_EST,
EA.6T8.AG25T99,SVN,2019,21.51000022888184,,
EA.6T8.AG25T99,SVN,2020,23.6385958157252,UIS_EST,
EA.6T8.AG25T99,SVN,2021,26.5943375572734,UIS_EST,
EA.6T8.AG25T99,SVN,2022,26.0893592617694,UIS_EST,
EA.6T8.AG25T99,SVN,2023,22.04160355122488,UIS_EST,
EA.6T8.AG25T99,SWE,2010,1.26070202687366,UIS_EST,
EA.6T8.AG25T99,SWE,2011,1.32412936814551,UIS_EST,
EA.6T8.AG25T99,SWE,2012,1.32059145529581,UIS_EST,
EA.6T8.AG25T99,SWE,2013,22.04000091552734,,
EA.6T8.AG25T99,SWE,2014,22.54000091552734,,
EA.6T8.AG25T99,SWE,2015,23,,
EA.6T8.AG25T99,SWE,2016,23.47999954223633,,
EA.6T8.AG25T99,SWE,2017,23.94000053405762,,
EA.6T8.AG25T99,SWE,2018,30.993706917326,UIS_EST,
EA.6T8.AG25T99,SWE,2019,25.07999992370605,,
EA.6T8.AG25T99,SWE,2020,32.5396300918696,UIS_EST,
EA.6T8.AG25T99,SWE,2021,32.6667123783444,UIS_EST,
EA.6T8.AG25T99,SWE,2022,33.6940699920887,UIS_EST,
EA.6T8.AG25T99,SWE,2023,34.88302720853109,UIS_EST,
EA.6T8.AG25T99,SWZ,2016,12.6465690519991,UIS_EST,
EA.6T8.AG25T99,SWZ,2021,14.4894856517532,UIS_EST,
EA.6T8.AG25T99,SWZ,2022,6.407549858093262,,
EA.6T8.AG25T99,SWZ,2023,18.2514578591717,UIS_EST,
EA.6T8.AG25T99,SYC,2023,9.524987889400185,UIS_EST,
EA.6T8.AG25T99,TCA,2019,11.7487096786499,,
EA.6T8.AG25T99,TCD,2009,0.8600000143051147,,
EA.6T8.AG25T99,TCD,2018,2.73194321431176,UIS_EST,
EA.6T8.AG25T99,TCD,2019,1.756500005722046,,
EA.6T8.AG25T99,TGO,2011,5.48917351165029,UIS_EST,
EA.6T8.AG25T99,TGO,2015,5.65889363223162,UIS_EST,
EA.6T8.AG25T99,TGO,2017,3.101939916610718,,
EA.6T8.AG25T99,TGO,2019,3.80260675388063,UIS_EST,
EA.6T8.AG25T99,TGO,2022,4.442689895629883,,
EA.6T8.AG25T99,THA,2013,13.13000011444092,,
EA.6T8.AG25T99,THA,2016,14.8100004196167,,
EA.6T8.AG25T99,THA,2018,14.9399995803833,,
EA.6T8.AG25T99,THA,2019,15.63000011444092,,
EA.6T8.AG25T99,THA,2022,17.35000038146973,,
EA.6T8.AG25T99,TJK,2000,10.64999961853027,,
EA.6T8.AG25T99,TJK,2016,13.4074633159107,UIS_EST,
EA.6T8.AG25T99,TJK,2017,12.01000022888184,,
EA.6T8.AG25T99,TKL,2016,10.0175746924428,UIS_EST,
EA.6T8.AG25T99,TKL,2022,15.5172413793103,UIS_EST,
EA.6T8.AG25T99,TKM,2015,10.14307975769043,,
EA.6T8.AG25T99,TKM,2019,13.8386697769165,,
EA.6T8.AG25T99,TLS,2016,7.364930152893066,,
EA.6T8.AG25T99,TLS,2021,10.4989487108462,UIS_EST,
EA.6T8.AG25T99,TLS,2022,1.26540035357277,UIS_EST,
EA.6T8.AG25T99,TON,2016,3.653284508041124,UIS_EST,
EA.6T8.AG25T99,TON,2018,3.88434383055026,UIS_EST,
EA.6T8.AG25T99,TON,2019,9.493229866027832,,
EA.6T8.AG25T99,TON,2021,5.45926840693267,UIS_EST,
EA.6T8.AG25T99,TON,2023,5.991644097634459,UIS_EST,
EA.6T8.AG25T99,TTO,2008,9.829999923706055,,
EA.6T8.AG25T99,TTO,2009,9.609999656677246,,
EA.6T8.AG25T99,TTO,2011,5.789999961853027,,
EA.6T8.AG25T99,TTO,2019,0.0460026655132984,UIS_EST,
EA.6T8.AG25T99,TTO,2020,0.181459174443488,UIS_EST,
EA.6T8.AG25T99,TTO,2021,0.147553568481139,UIS_EST,
EA.6T8.AG25T99,TTO,2022,10.1399097442627,,
EA.6T8.AG25T99,TUN,2018,13.39813041687012,,
EA.6T8.AG25T99,TUN,2019,13.8788768938855,UIS_EST,
EA.6T8.AG25T99,TUN,2023,12.80282974243164,,
EA.6T8.AG25T99,TUR,2010,0.743439261094996,UIS_EST,
EA.6T8.AG25T99,TUR,2011,0.970471078179571,UIS_EST,
EA.6T8.AG25T99,TUR,2012,1.12562474091675,UIS_EST,
EA.6T8.AG25T99,TUR,2013,1.25471688708508,UIS_EST,
EA.6T8.AG25T99,TUR,2014,9.70770785257776,UIS_EST,
EA.6T8.AG25T99,TUR,2015,10.5960102503016,UIS_EST,
EA.6T8.AG25T99,TUR,2016,11.4939591257546,UIS_EST,
EA.6T8.AG25T99,TUR,2017,12.0233484978605,UIS_EST,
EA.6T8.AG25T99,TUR,2018,12.4488387707495,UIS_EST,
EA.6T8.AG25T99,TUR,2019,13.2090661192536,UIS_EST,
EA.6T8.AG25T99,TUR,2020,14.2070664288443,UIS_EST,
EA.6T8.AG25T99,TUR,2021,20.4976113118032,UIS_EST,
EA.6T8.AG25T99,TUR,2022,20.9415739036351,UIS_EST,
EA.6T8.AG25T99,TUV,2016,6.2206352189438,UIS_EST,
EA.6T8.AG25T99,TUV,2017,8.43443096476025,UIS_EST,
EA.6T8.AG25T99,TUV,2022,6.05095541401274,UIS_EST,
EA.6T8.AG25T99,TZA,2010,0.481108103401327,UIS_EST,
EA.6T8.AG25T99,TZA,2012,1.07453580563475,UIS_EST,
EA.6T8.AG25T99,TZA,2014,1.09650888232317,UIS_EST,
EA.6T8.AG25T99,TZA,2015,1.676499962806702,,
EA.6T8.AG25T99,TZA,2018,1.419360041618347,,
EA.6T8.AG25T99,TZA,2020,1.57470775750061,UIS_EST,
EA.6T8.AG25T99,TZA,2022,2.319760084152222,,
EA.6T8.AG25T99,UGA,2008,1.840000033378601,,
EA.6T8.AG25T99,UGA,2010,2.960000038146973,,
EA.6T8.AG25T99,UGA,2011,1.66774530456937,UIS_EST,
EA.6T8.AG25T99,UGA,2012,1.81065942942233,UIS_EST,
EA.6T8.AG25T99,UGA,2014,2.44184782223205,UIS_EST,
EA.6T8.AG25T99,UGA,2016,0.9403300285339355,,
EA.6T8.AG25T99,UGA,2017,2.92620808573188,UIS_EST,
EA.6T8.AG25T99,UGA,2019,4.25233615147672,UIS_EST,
EA.6T8.AG25T99,UGA,2021,4.43540855511054,UIS_EST,
EA.6T8.AG25T99,UKR,2001,16.75,,
EA.6T8.AG25T99,URY,2013,7.199999809265137,,
EA.6T8.AG25T99,URY,2014,7.409999847412109,,
EA.6T8.AG25T99,URY,2015,10.5,,
EA.6T8.AG25T99,URY,2016,10.46000003814697,,
EA.6T8.AG25T99,URY,2017,11.34000015258789,,
EA.6T8.AG25T99,URY,2018,11.47000026702881,,
EA.6T8.AG25T99,URY,2019,11.84000015258789,,
EA.6T8.AG25T99,URY,2022,22.01000022888184,,
EA.6T8.AG25T99,USA,2010,29.9961310139709,UIS_EST,
EA.6T8.AG25T99,USA,2011,30.41815638809,UIS_EST,
EA.6T8.AG25T99,USA,2012,31.0561861001309,UIS_EST,
EA.6T8.AG25T99,USA,2013,31.65999984741211,,
EA.6T8.AG25T99,USA,2014,31.95999908447266,,
EA.6T8.AG25T99,USA,2015,32.5,,
EA.6T8.AG25T99,USA,2016,33.43999862670898,,
EA.6T8.AG25T99,USA,2017,32.0158805847168,,
EA.6T8.AG25T99,USA,2018,34.9900016784668,,
EA.6T8.AG25T99,USA,2019,36.0551534821671,UIS_EST,
EA.6T8.AG25T99,USA,2020,37.52000045776367,,
EA.6T8.AG25T99,USA,2021,35.04922866821289,,
EA.6T8.AG25T99,USA,2022,37.65999984741211,,
EA.6T8.AG25T99,USA,2023,38.60113143920898,,
EA.6T8.AG25T99,UZB,2013,15.42000007629395,,
EA.6T8.AG25T99,UZB,2014,15.68000030517578,,
EA.6T8.AG25T99,UZB,2015,15.80000019073486,,
EA.6T8.AG25T99,UZB,2016,16.31999969482422,,
EA.6T8.AG25T99,UZB,2018,16.29999923706055,,
EA.6T8.AG25T99,UZB,2019,16.43000030517578,,
EA.6T8.AG25T99,UZB,2021,16.45000076293945,,
EA.6T8.AG25T99,UZB,2022,16.85000038146973,,
EA.6T8.AG25T99,VEN,2011,18.51000022888184,,
EA.6T8.AG25T99,VEN,2015,21.54000091552734,,
EA.6T8.AG25T99,VEN,2016,25.14999961853027,,
EA.6T8.AG25T99,VEN,2017,22.2573749832562,UIS_EST,
EA.6T8.AG25T99,VNM,2019,10.25,,
EA.6T8.AG25T99,VNM,2020,10.3575079255351,UIS_EST,
EA.6T8.AG25T99,VNM,2021,10.2703872617565,UIS_EST,
EA.6T8.AG25T99,VNM,2022,11.52000045776367,,
EA.6T8.AG25T99,VNM,2023,11.2206145858019,UIS_EST,
EA.6T8.AG25T99,VUT,2010,2.93270326846152,UIS_EST,
EA.6T8.AG25T99,VUT,2019,3.5038297674202,UIS_EST,
EA.6T8.AG25T99,VUT,2020,2.58072925152334,UIS_EST,
EA.6T8.AG25T99,VUT,2023,3.335170030593872,,
EA.6T8.AG25T99,WLF,2018,11.4437398613773,UIS_EST,
EA.6T8.AG25T99,WLF,2019,5.25120635821742,UIS_EST,
EA.6T8.AG25T99,WLF,2023,13.5103926096997,UIS_EST,
EA.6T8.AG25T99,WSM,2001,3.940000057220459,,
EA.6T8.AG25T99,WSM,2019,11.00469970703125,,
EA.6T8.AG25T99,WSM,2022,16.4844257806228,UIS_EST,
EA.6T8.AG25T99,YEM,2014,4.98842017878782,UIS_EST,
EA.6T8.AG25T99,ZAF,2010,4.83927636746519,UIS_EST,
EA.6T8.AG25T99,ZAF,2011,5.18007905243918,UIS_EST,
EA.6T8.AG25T99,ZAF,2013,5.95415062362686,UIS_EST,
EA.6T8.AG25T99,ZAF,2014,6.03802110378271,UIS_EST,
EA.6T8.AG25T99,ZAF,2015,6.070000171661377,,
EA.6T8.AG25T99,ZAF,2016,8.25026353561771,UIS_EST,
EA.6T8.AG25T99,ZAF,2017,8.25,,
EA.6T8.AG25T99,ZAF,2018,11.1089559421463,UIS_EST,
EA.6T8.AG25T99,ZAF,2019,8.020000457763672,,
EA.6T8.AG25T99,ZAF,2020,7.681920051574707,,
EA.6T8.AG25T99,ZAF,2021,12.96000003814697,,
EA.6T8.AG25T99,ZAF,2022,11.434391271122,UIS_EST,
EA.6T8.AG25T99,ZAF,2023,12.2000166069921,UIS_EST,
EA.6T8.AG25T99,ZMB,2017,1.58607091464752,UIS_EST,
EA.6T8.AG25T99,ZMB,2018,1.814720034599304,,
EA.6T8.AG25T99,ZMB,2019,2.25983348350535,UIS_EST,
EA.6T8.AG25T99,ZMB,2020,3.26121477648747,UIS_EST,
EA.6T8.AG25T99,ZMB,2021,2.33702471113479,UIS_EST,
EA.6T8.AG25T99,ZMB,2022,2.71212393326479,UIS_EST,
EA.6T8.AG25T99,ZWE,2015,6.959839820861816,,
EA.6T8.AG25T99,ZWE,2017,3.25,,
EA.6T8.AG25T99,ZWE,2019,5.709750175476074,,
EA.6T8.AG25T99,ZWE,2021,0.959930828080049,UIS_EST,
EA.6T8.AG25T99,ZWE,2022,0.913877996562986,UIS_EST,