Country,Year,BachelorRate
Aruba,2000,16.39999961853027
Aruba,2010,12.81999969482422
Afghanistan,2014,1.91133178969913
Afghanistan,2017,5.26141700354864
Afghanistan,2020,4.32343029614258
Afghanistan,2021,3.069999933242798
Afghanistan,2022,3.984250068664551
Angola,2011,4.04619218585005
Angola,2014,2.630000114440918
Angola,2015,1.997529983520508
Angola,2019,0.0883481952448496
Angola,2021,0.126445713057126
Albania,2001,7.429999828338623
Albania,2008,9.81999969482422
Albania,2011,12.0
Albania,2012,12.89999961853027
Albania,2013,12.911321171248
Albania,2014,13.1912443333295
Albania,2015,14.8080073007616
Albania,2016,14.3157793196871
Albania,2017,16.15019989013672
Albania,2018,16.4676495257928
Albania,2019,17.3219868858012
Albania,2020,17.80413291726708
Albania,2021,18.2029345963077
Albania,2022,19.8346436163563
Albania,2023,19.02563065917583
Andorra,2004,16.30999946594238
Andorra,2005,17.20000076293945
Andorra,2006,17.98999977111816
Andorra,2014,21.25
Andorra,2015,21.1299991607666
Andorra,2016,21.04999923706055
Andorra,2022,25.04000091552734
United Arab Emirates,2016,31.69000053405762
United Arab Emirates,2017,46.56000137329102
United Arab Emirates,2018,47.29000091552734
United Arab Emirates,2019,46.63000106811523
United Arab Emirates,2021,47.18000030517578
United Arab Emirates,2022,51.06999969482422
United Arab Emirates,2023,52.72000122070313
Armenia,2001,20.36000061035156
Armenia,2010,21.0760991598455
Armenia,2011,24.42000007629395
Armenia,2012,23.3566970910037
Armenia,2013,24.1895081541633
Armenia,2014,25.2052687113341
Armenia,2015,27.31002045
Armenia,2016,24.13476943969727
Armenia,2017,24.3799991607666
Armenia,2018,24.2692444041657
Armenia,2019,27.4885901439355
Armenia,2020,24.20999908447266
Armenia,2021,28.5798768876883
Armenia,2022,24.29851913452148
Armenia,2023,28.89863038178605
Antigua and Barbuda,2018,12.27747961935854
Antigua and Barbuda,2023,14.69452790797075
Australia,2013,26.73999977111816
Australia,2014,28.6200008392334
Australia,2015,29.78000068664551
Australia,2016,30.03000068664551
Australia,2017,31.38999938964844
Australia,2018,31.75
Australia,2019,33.09000015258789
Australia,2020,35.02000045776367
Australia,2021,35.95999908447266
Australia,2022,36.84000015258789
Australia,2023,35.7648347818292
Austria,2014,11.86999988555908
Austria,2015,13.07999992370605
Austria,2016,13.46000003814697
Austria,2017,14.25
Austria,2018,14.7956076913385
Austria,2019,15.35999965667725
Austria,2020,15.9696028307325
Austria,2021,16.6050948264829
Azerbaijan,2013,15.65999984741211
Azerbaijan,2014,15.68000030517578
Azerbaijan,2015,15.6899995803833
Azerbaijan,2016,15.73999977111816
Azerbaijan,2017,15.72000026702881
Azerbaijan,2018,15.72999954223633
Azerbaijan,2019,15.72000026702881
Azerbaijan,2021,16.2499158220815
Azerbaijan,2022,17.6716741806658
Azerbaijan,2023,17.67000007629395
Burundi,2014,0.8100000023841858
Burundi,2017,0.9100000262260436
Belgium,2010,0.541976698905151
Belgium,2011,0.498997057684574
Belgium,2012,0.498984650964677
Belgium,2013,30.25
Belgium,2014,31.26000022888184
Belgium,2015,31.70999908447266
Belgium,2016,32.16999816894531
Belgium,2017,34.68999862670898
Belgium,2018,35.2702828263553
Belgium,2019,35.29999923706055
Belgium,2020,36.6534836708611
Belgium,2021,38.5315386438649
Belgium,2022,39.3851969696877
Belgium,2023,37.41103378799494
Benin,2017,2.533119916915894
Benin,2018,0.0
Benin,2019,3.784929990768433
Benin,2021,3.061350107192993
Benin,2022,3.853610038757324
Burkina Faso,2007,1.029999971389771
Burkina Faso,2014,0.0
Burkina Faso,2018,2.150000095367432
Burkina Faso,2019,2.119590044021606
Burkina Faso,2021,2.403419971466064
Burkina Faso,2022,1.559929966926575
Burkina Faso,2023,2.29087604699152
Bangladesh,2011,5.690000057220459
Bangladesh,2012,5.869999885559082
Bangladesh,2013,5.5
Bangladesh,2014,5.849999904632568
Bangladesh,2015,8.239999771118164
Bangladesh,2016,8.510000228881836
Bangladesh,2017,8.979999542236328
Bangladesh,2018,9.359999656677246
Bangladesh,2019,9.760000228881836
Bangladesh,2021,9.789999961853027
Bangladesh,2022,7.57236778039658
Bulgaria,2001,18.04999923706055
Bulgaria,2006,19.5
Bulgaria,2007,19.81999969482422
Bulgaria,2008,20.19000053405762
Bulgaria,2009,20.53000068664551
Bulgaria,2010,20.71999931335449
Bulgaria,2011,20.80999946594238
Bulgaria,2012,21.51000022888184
Bulgaria,2013,22.92000007629395
Bulgaria,2014,24.05999946594238
Bulgaria,2015,24.46999931335449
Bulgaria,2016,24.6299991607666
Bulgaria,2017,24.70999908447266
Bulgaria,2018,25.1136192434754
Bulgaria,2019,25.1552091366664
Bulgaria,2020,26.04999923706055
Bulgaria,2021,26.2697570350821
Bulgaria,2022,26.3977318736838
Bulgaria,2023,26.36885401099664
Bahrain,2010,9.479999542236328
Bahrain,2016,14.27999973297119
Bahrain,2017,14.34000015258789
Bahrain,2018,21.61000061035156
Bahrain,2020,23.32999992370605
Bahrain,2022,29.78000068664551
Bahrain,2023,29.57999992370605
Bahamas,2000,0.3400000035762787
Bahamas,2010,15.22999954223633
Bosnia and Herzegovina,2014,7.829999923706055
Bosnia and Herzegovina,2015,7.550000190734863
Bosnia and Herzegovina,2016,8.380000114440918
Bosnia and Herzegovina,2017,7.18639746909136
Bosnia and Herzegovina,2018,7.75
Bosnia and Herzegovina,2019,6.99687462393019
Bosnia and Herzegovina,2020,10.59000015258789
Bosnia and Herzegovina,2021,11.7022619791558
Bosnia and Herzegovina,2022,12.28999996185303
Bosnia and Herzegovina,2023,11.2760298314996
Belarus,2009,22.07999992370605
Belarus,2019,28.29999923706055
Belize,2010,5.718500137
Belize,2015,2.569250107
Belize,2018,9.281839984040683
Belize,2019,6.68530743168967
Belize,2020,7.880000114440918
Bermuda,2010,28.32999992370605
Bermuda,2016,31.11000061035156
"Bolivia, Plurinational State of",2011,15.0740160315124
"Bolivia, Plurinational State of",2012,12.9347919933084
"Bolivia, Plurinational State of",2013,14.8252525312228
"Bolivia, Plurinational State of",2014,12.9951931913509
"Bolivia, Plurinational State of",2015,22.32999992370605
"Bolivia, Plurinational State of",2016,13.4819027610988
"Bolivia, Plurinational State of",2017,14.1513922452575
"Bolivia, Plurinational State of",2018,14.3088553200672
"Bolivia, Plurinational State of",2019,24.70000076293945
"Bolivia, Plurinational State of",2020,26.81999969482422
"Bolivia, Plurinational State of",2021,16.2906847199059
"Bolivia, Plurinational State of",2022,16.8931601509327
"Bolivia, Plurinational State of",2023,17.8769973723607
Brazil,2016,15.35000038146973
Brazil,2017,15.72999954223633
Brazil,2018,16.54000091552734
Barbados,2000,1.059999942779541
Brunei Darussalam,2011,11.10999965667725
Brunei Darussalam,2014,14.8701608901133
Brunei Darussalam,2017,13.9772521119095
Brunei Darussalam,2018,14.3216935802106
Brunei Darussalam,2019,17.4602633891769
Brunei Darussalam,2020,15.478036357003
Brunei Darussalam,2021,15.9185585405187
Brunei Darussalam,2022,17.5747004292565
Brunei Darussalam,2023,18.51115305915125
Bhutan,2017,10.19999980926514
Botswana,2019,8.18952284377296
Botswana,2020,8.33574163716494
Botswana,2021,8.84055440322341
Botswana,2022,9.51717184427069
Botswana,2023,7.444300174713135
Central African Republic,2019,1.812039971351624
Canada,2010,23.5518877069459
Canada,2011,24.0642343925542
Canada,2012,24.7599861300214
Canada,2013,25.383914874635
Canada,2014,25.6870316130903
Canada,2015,26.5778074290962
Canada,2016,25.75
Canada,2017,27.9425655038533
Canada,2018,28.5200103391678
Canada,2019,29.7712158527963
Canada,2020,30.9708321337646
Canada,2021,29.32999992370605
Canada,2022,32.350085054799
Canada,2023,32.8881852813176
Canada,2024,34.65941419756856
Switzerland,2014,34.0826570119515
Switzerland,2015,35.4598164144671
Switzerland,2016,36.60432031352
Switzerland,2017,37.8640955541727
Switzerland,2018,38.9846873383995
Switzerland,2019,39.5556106518768
Switzerland,2020,40.4104697107726
Switzerland,2021,40.1155194415354
Switzerland,2022,40.0153978057576
Switzerland,2023,41.2647756874978
Chile,2010,11.769085314258
Chile,2011,10.35999965667725
Chile,2012,12.4730714559103
Chile,2013,11.72000026702881
Chile,2014,13.3998029675384
Chile,2015,13.10000038146973
Chile,2016,13.9364817144059
Chile,2017,14.64000034332275
Chile,2018,15.5733488472031
Chile,2019,15.926553425463
Chile,2020,19.1351918380172
Chile,2021,19.6066045292361
Chile,2022,20.282567003336
Chile,2023,21.5449905281817
China,2010,3.579999923706055
China,2020,7.679999828338623
Côte d'Ivoire,2012,6.24849731520316
Côte d'Ivoire,2013,2.59874597549971
Côte d'Ivoire,2016,3.454580069
Côte d'Ivoire,2019,5.226125375552
Côte d'Ivoire,2021,4.980000019073486
Côte d'Ivoire,2022,4.76513660737722
Cameroon,2010,1.440000057220459
Cameroon,2014,5.79577033292977
Cameroon,2018,6.422389984130859
"Congo, The Democratic Republic of the",2012,7.35328564527744
"Congo, The Democratic Republic of the",2013,1.740000009536743
"Congo, The Democratic Republic of the",2016,3.480000019073486
"Congo, The Democratic Republic of the",2018,7.414169788360596
Congo,2015,7.823019981384277
Cook Islands,2016,11.5147512109203
Cook Islands,2019,21.7967111797814
Cook Islands,2023,8.14008270574162
Colombia,2007,9.6899995803833
Colombia,2008,9.960000038146973
Colombia,2009,9.1899995803833
Colombia,2010,9.470000267028809
Colombia,2011,9.520000457763672
Colombia,2012,9.470000267028809
Colombia,2013,10.07999992370605
Colombia,2014,10.51000022888184
Colombia,2015,10.30000019073486
Colombia,2016,10.89999961853027
Colombia,2018,11.76000022888184
Colombia,2019,12.06999969482422
Colombia,2020,12.85000038146973
Colombia,2022,16.2004608172535
Colombia,2023,16.4727370334322
Comoros,2014,5.74592618125536
Comoros,2021,3.31192526202224
Comoros,2022,14.05617046356201
Cabo Verde,2015,6.929999828338623
Costa Rica,2014,22.79000091552734
Costa Rica,2015,21.29999923706055
Costa Rica,2016,20.6299991607666
Costa Rica,2018,21.30999946594238
Costa Rica,2020,21.61000061035156
Cuba,2002,9.359999656677246
Cuba,2012,14.18000030517578
Cuba,2019,15.32876968383789
Curaçao,2018,21.9363105690285
Curaçao,2020,30.17000007629395
Cayman Islands,2014,32.15999984741211
Cayman Islands,2015,29.86000061035156
Cyprus,2013,24.88999938964844
Cyprus,2014,25.96999931335449
Cyprus,2015,25.54999923706055
Cyprus,2016,26.6200008392334
Cyprus,2017,27.1771401334924
Cyprus,2018,28.55999946594238
Cyprus,2019,28.8715544418397
Cyprus,2020,29.79999923706055
Cyprus,2021,31.7849752031884
Cyprus,2022,33.1645605040488
Cyprus,2023,34.71650998308822
Czechia,2010,2.86714023728477
Czechia,2011,3.59428690293388
Czechia,2012,4.12966473571584
Czechia,2013,4.42498065938131
Czechia,2014,18.82999992370605
Czechia,2015,19.34000015258789
Czechia,2016,20.07999992370605
Czechia,2017,20.72999954223633
Czechia,2018,21.0019190637801
Czechia,2019,20.90999984741211
Czechia,2020,21.3851673811778
Czechia,2021,22.8479955978814
Czechia,2022,20.9734054015456
Czechia,2023,20.40747615797147
Germany,2010,1.29211881332721
Germany,2011,1.21879894449748
Germany,2012,1.24101306362016
Germany,2013,1.2363359927072
Germany,2014,24.18000030517578
Germany,2015,24.73999977111816
Germany,2016,25.57999992370605
Germany,2017,25.8552466017435
Germany,2018,25.14999961853027
Germany,2019,27.0112817257519
Germany,2020,28.35000038146973
Germany,2021,29.0407460609384
Germany,2022,29.2060976513154
Germany,2023,30.52945416013232
Djibouti,2017,7.06433674213233
Dominica,2001,5.03000020980835
Denmark,2010,0.534815630322576
Denmark,2011,0.570325357640207
Denmark,2012,0.601769836873305
Denmark,2013,0.678235472115144
Denmark,2014,28.97999954223633
Denmark,2015,30.3799991607666
Denmark,2016,30.97999954223633
Denmark,2017,29.7281119169291
Denmark,2018,32.36000061035156
Denmark,2019,31.1208860786063
Denmark,2020,33.09000015258789
Denmark,2021,32.45201906024
Denmark,2022,32.7245712371239
Denmark,2023,33.62156693647047
Dominican Republic,2015,11.7423169416033
Dominican Republic,2016,18.1200008392334
Dominican Republic,2017,11.724319362773
Dominican Republic,2018,12.7266601463243
Dominican Republic,2019,14.36085987091064
Dominican Republic,2020,12.8589017550039
Dominican Republic,2021,12.9000815898119
Dominican Republic,2022,17.6953074742348
Dominican Republic,2023,18.7137384761605
Algeria,2011,2.349999904632568
Algeria,2019,11.4359302520752
Ecuador,2007,10.17000007629395
Ecuador,2008,9.779999732971191
Ecuador,2009,9.970000267028809
Ecuador,2010,10.27000045776367
Ecuador,2011,9.619999885559082
Ecuador,2012,10.94999980926514
Ecuador,2013,11.52000045776367
Ecuador,2014,10.43000030517578
Ecuador,2015,12.07999992370605
Ecuador,2016,11.72000026702881
Ecuador,2017,12.15999984741211
Ecuador,2020,11.9399995803833
Ecuador,2021,12.39999961853027
Ecuador,2022,12.13000011444092
Egypt,2020,0.0
Egypt,2021,17.77300071716309
Egypt,2023,18.05229084530897
Spain,2010,0.506335856740785
Spain,2011,0.565749105199291
Spain,2012,0.582100200971526
Spain,2013,0.56847159773396
Spain,2014,20.37528005231
Spain,2015,20.4723043486601
Spain,2016,20.94000053405762
Spain,2017,21.428261014924
Spain,2018,21.94000053405762
Spain,2019,23.0202729798723
Spain,2020,23.57999992370605
Spain,2021,24.6002033358869
Spain,2022,24.7066158552807
Estonia,2014,29.1377522911322
Estonia,2015,29.7758218878281
Estonia,2016,30.4089938538852
Estonia,2017,31.7200997364782
Estonia,2018,33.5756821281197
Estonia,2019,33.4643721424201
Estonia,2020,30.85000038146973
Estonia,2021,31.7315712945493
Estonia,2022,32.6602195135128
Ethiopia,2013,1.25512236208403
Ethiopia,2016,1.333009958267212
Ethiopia,2021,6.28919628564445
Finland,2010,0.945088148965504
Finland,2011,0.987624984293997
Finland,2012,21.13999938964844
Finland,2013,21.88999938964844
Finland,2014,22.51000022888184
Finland,2015,23.03000068664551
Finland,2016,25.4359483800168
Finland,2017,24.34000015258789
Finland,2018,27.8136771931862
Finland,2019,25.94000053405762
Finland,2020,30.9471298520167
Finland,2021,28.2076779567255
Finland,2022,28.7976658607386
Finland,2023,29.88814739909036
Fiji,2014,6.78124574624051
Fiji,2017,5.170000076293945
Fiji,2021,10.0197696685791
France,2014,16.38999938964844
France,2015,17.65999984741211
France,2016,17.39999961853027
France,2017,18.0
France,2018,19.2230121754124
France,2019,19.70000076293945
France,2020,20.9787744172337
France,2021,22.9377459279815
France,2022,22.5577774730684
France,2023,24.3546212580131
"Micronesia, Federated States of",2014,7.09629918361159
United Kingdom,2010,1.10243923447873
United Kingdom,2011,1.01876893859359
United Kingdom,2012,1.06229547472032
United Kingdom,2013,28.38999938964844
United Kingdom,2014,29.32999992370605
United Kingdom,2015,25.124318334786
United Kingdom,2016,26.1183955155049
United Kingdom,2017,33.91999816894531
United Kingdom,2018,27.8820745700868
United Kingdom,2019,29.0026970586479
United Kingdom,2020,37.27999877929688
United Kingdom,2021,39.59000015258789
United Kingdom,2022,35.8520498186996
United Kingdom,2023,37.1295600360898
Georgia,2010,0.0
Georgia,2011,32.334652435145
Georgia,2012,30.17000007629395
Georgia,2013,33.1168603809138
Georgia,2014,30.86000061035156
Georgia,2015,34.65979033263
Georgia,2016,32.84999847412109
Georgia,2017,34.02000045776367
Georgia,2018,34.84975814819336
Georgia,2019,33.66999816894531
Georgia,2020,33.1648924335095
Georgia,2021,34.2079094633724
Georgia,2022,34.02000045776367
Georgia,2023,34.19649124145508
Ghana,2010,2.82865051378303
Ghana,2013,5.40798114759971
Ghana,2015,4.72734579810374
Ghana,2017,3.491499900817871
Ghana,2021,6.584239959716797
Ghana,2022,6.289559841156006
Guinea,2010,2.809999942779541
Guinea,2014,4.429999828338623
Guinea,2016,7.174109935760498
Guinea,2018,6.210000038146973
Guinea,2019,22.7037587668635
Gambia,2015,2.049999952316284
Gambia,2018,1.397709965705872
Gambia,2020,1.883280038833618
Gambia,2023,9.04935618894846
Guinea-Bissau,2018,0.0
Guinea-Bissau,2019,2.20896160801344
Guinea-Bissau,2022,2.620690107345581
Greece,2014,22.19000053405762
Greece,2015,22.93000030517578
Greece,2016,20.13999938964844
Greece,2017,23.5572555635058
Greece,2018,24.1726461592243
Greece,2019,24.4034462500955
Greece,2020,26.04000091552734
Greece,2021,28.175858366343
Greece,2022,28.9304575794749
Greece,2023,28.03265237572385
Grenada,2018,5.19569656308447
Grenada,2019,5.98692022756677
Grenada,2020,6.1176021911729
Grenada,2021,6.601075472041209
Grenada,2023,7.923298836905321
Guatemala,2012,1.940000057220459
Guatemala,2013,2.369999885559082
Guatemala,2014,6.890620232
Guatemala,2015,3.780420064926147
Guatemala,2019,4.320000171661377
Guatemala,2022,5.687849998474121
Guatemala,2023,4.16229762058748
Guyana,2018,3.04261783315215
Guyana,2019,4.469170093536377
Honduras,2007,4.230000019073486
Honduras,2010,4.53402051000052
Honduras,2011,5.119999885559082
Honduras,2012,4.25
Honduras,2013,4.92402741597648
Honduras,2014,6.269999980926514
Honduras,2015,9.350000381469728
Honduras,2016,10.5
Honduras,2017,5.93442751380782
Honduras,2018,9.579999923706056
Honduras,2019,9.630000114440918
Croatia,2010,0.243718647610981
Croatia,2011,0.226619914501176
Croatia,2012,0.292419704885478
Croatia,2013,0.312971716356663
Croatia,2014,14.2597089528039
Croatia,2015,15.3868765104451
Croatia,2016,16.057180180608
Croatia,2017,16.9888918884246
Croatia,2018,18.0253557388432
Croatia,2019,18.0067338301199
Croatia,2020,18.913670628549
Croatia,2021,18.9514047878406
Croatia,2022,19.0439770554493
Croatia,2023,21.96183809262618
Haiti,2012,5.22609637771114
Haiti,2017,4.531010150909424
Hungary,2013,19.43000030517578
Hungary,2014,19.89999961853027
Hungary,2015,20.67000007629395
Hungary,2016,20.40999984741211
Hungary,2017,20.7723314624609
Hungary,2018,21.7858906081459
Hungary,2019,22.5712117411655
Hungary,2020,24.07999992370605
Hungary,2021,25.8177377102511
Hungary,2022,26.1283451541999
Hungary,2023,26.35251272206733
Indonesia,2011,4.85179887132985
Indonesia,2012,5.77638038733417
Indonesia,2013,6.18710368188552
Indonesia,2014,7.96999979019165
Indonesia,2015,8.479999542236328
Indonesia,2016,8.789999961853027
Indonesia,2017,8.233699798583984
Indonesia,2018,9.369999885559082
Indonesia,2019,8.78998911544875
Indonesia,2020,10.52000045776367
Indonesia,2021,9.48564159161167
Indonesia,2022,9.48062134004517
Indonesia,2023,9.32683739576692
India,2011,9.140000343322754
India,2016,10.14317035675049
India,2018,10.77999973297119
India,2019,12.01603984832764
India,2020,12.22000026702881
India,2022,12.14000034332275
India,2023,14.88000011444092
Ireland,2006,30.76000022888184
Ireland,2007,33.81000137329102
Ireland,2010,33.11999893188477
Ireland,2011,26.84000015258789
Ireland,2012,0.729755953440119
Ireland,2013,0.755869575051646
Ireland,2014,30.8738169818589
Ireland,2015,31.0062857893884
Ireland,2016,31.5917123267554
Ireland,2017,31.15999984741211
Ireland,2018,34.9246407001971
Ireland,2019,35.1964337710582
Ireland,2020,36.9319190416492
Ireland,2021,37.7408877131549
Ireland,2022,37.2724380136409
Ireland,2023,41.85235705368819
"Iran, Islamic Republic of",2010,4.23527685756377
"Iran, Islamic Republic of",2011,3.92986462006785
"Iran, Islamic Republic of",2012,14.8100004196167
"Iran, Islamic Republic of",2013,16.31999969482422
"Iran, Islamic Republic of",2014,16.8700008392334
"Iran, Islamic Republic of",2015,3.10728646168664
"Iran, Islamic Republic of",2016,18.18000030517578
"Iran, Islamic Republic of",2017,0.0
"Iran, Islamic Republic of",2018,16.8688157318634
"Iran, Islamic Republic of",2019,17.3763213783019
"Iran, Islamic Republic of",2020,17.3704244891422
"Iran, Islamic Republic of",2021,17.7855739751062
"Iran, Islamic Republic of",2022,18.2504191239883
Iraq,2012,7.64207423128969
Iraq,2018,10.40688991546631
Iraq,2021,10.9389884273362
Iceland,2010,0.916753897856867
Iceland,2011,1.00818427826546
Iceland,2012,1.07440976335436
Iceland,2013,1.12614070286712
Iceland,2014,31.3127204414448
Iceland,2015,32.3081287827841
Iceland,2016,34.9200894505765
Iceland,2017,36.9775704753504
Iceland,2018,38.9894837476099
Iceland,2019,36.13999938964844
Iceland,2020,36.61999893188477
Iceland,2021,34.1569268492031
Iceland,2022,34.2301319569441
Iceland,2023,34.46369625733141
Israel,2012,31.2235910186171
Israel,2013,31.38999938964844
Israel,2014,32.79000091552734
Israel,2015,33.20999908447266
Israel,2016,33.9819707044439
Israel,2017,34.8950528369327
Israel,2018,35.7983828543752
Israel,2019,36.2310210780341
Israel,2020,36.5067897229112
Israel,2021,37.2001252380528
Israel,2022,38.0541258104009
Israel,2023,38.29997872896946
Italy,2010,0.143374460807431
Italy,2011,0.271797412692764
Italy,2012,0.304969950933557
Italy,2013,0.321288788074702
Italy,2014,13.9848532032809
Italy,2015,14.4994367688538
Italy,2016,14.6699405580568
Italy,2017,15.5496872103285
Italy,2018,16.1499464031785
Italy,2019,16.4097285045951
Italy,2020,16.54999923706055
Italy,2021,16.2955207429662
Italy,2022,16.49017136321
Italy,2023,17.58163982074366
Jamaica,2011,6.809999942779541
Jamaica,2022,10.94981002807617
Jordan,2017,20.92683982849121
Jordan,2023,23.22691917419434
Japan,2010,19.90999984741211
Japan,2020,25.54000091552734
Kazakhstan,2007,25.47999954223633
Kazakhstan,2009,22.80999946594238
Kazakhstan,2015,27.81067085266113
Kazakhstan,2018,34.08000183105469
Kazakhstan,2019,37.6751594543457
Kenya,2019,4.809080123901367
Kenya,2020,3.741810083389282
Kenya,2021,5.6796310450589
Kenya,2022,6.092589855194092
Kyrgyzstan,2009,16.20000076293945
Kyrgyzstan,2014,0.0
Kyrgyzstan,2015,0.0
Kyrgyzstan,2016,0.0
Kyrgyzstan,2017,0.0
Kyrgyzstan,2018,24.26485061645508
Kyrgyzstan,2023,23.92830085754395
Cambodia,2012,2.92288281868539
Cambodia,2014,5.22731062769879
Cambodia,2015,5.04369810626286
Cambodia,2016,6.24475774951012
Cambodia,2017,4.92364491678757
Cambodia,2019,0.1145899966359138
Cambodia,2020,5.94469072505641
Cambodia,2021,4.561629772186279
Kiribati,2015,1.24421888429582
Kiribati,2018,2.779920101165771
Kiribati,2019,4.06036982986348
Kiribati,2020,1.98977659977281
"Korea, Republic of",2010,24.36000061035156
"Korea, Republic of",2011,27.3989254892828
"Korea, Republic of",2012,27.8424556795943
"Korea, Republic of",2013,28.7843105821709
"Korea, Republic of",2014,30.0865550020673
"Korea, Republic of",2015,28.68000030517578
"Korea, Republic of",2016,31.7693635130671
"Korea, Republic of",2017,32.1544823012358
"Korea, Republic of",2018,33.0220803138345
"Korea, Republic of",2019,33.6001867814651
"Korea, Republic of",2020,33.8704392121558
"Korea, Republic of",2021,34.2422504003791
"Korea, Republic of",2022,34.5359720822941
"Korea, Republic of",2023,35.6374378641889
Kuwait,2005,8.460000038146973
Kuwait,2006,8.300000190734863
Kuwait,2007,8.069999694824219
Kuwait,2008,8.279999732971191
Kuwait,2012,9.520000457763672
Kuwait,2013,8.710000038146973
Kuwait,2015,9.59000015258789
Kuwait,2017,10.67000007629395
Kuwait,2018,11.11999988555908
Lao People's Democratic Republic,2010,4.15012303986916
Lao People's Democratic Republic,2017,5.154769897460938
Lao People's Democratic Republic,2022,5.19384692034626
Lebanon,2018,25.46138000488281
Lebanon,2019,22.1418572343192
Liberia,2010,3.01420058948892
Liberia,2014,5.47951809922818
Liberia,2016,3.66464829169487
Liberia,2017,3.39418653462293
Liberia,2019,5.064499855041504
Sri Lanka,2001,13.69999980926514
Sri Lanka,2008,13.88000011444092
Sri Lanka,2009,14.10999965667725
Sri Lanka,2016,0.797130850935751
Sri Lanka,2017,0.665928067461317
Sri Lanka,2018,0.684106388364467
Sri Lanka,2019,0.746382995221786
Sri Lanka,2020,0.69269700894833
Sri Lanka,2021,0.756617153899247
Sri Lanka,2022,0.911603049595537
Lesotho,2018,3.937639951705933
Lesotho,2019,5.61074007526189
Lithuania,2010,0.391175281642119
Lithuania,2011,0.442148130576078
Lithuania,2012,0.450368643417564
Lithuania,2013,26.38999938964844
Lithuania,2014,31.5
Lithuania,2015,33.09999847412109
Lithuania,2016,33.93999862670898
Lithuania,2017,34.54000091552734
Lithuania,2018,35.9517203726528
Lithuania,2019,37.3273225516796
Lithuania,2020,38.09999847412109
Lithuania,2021,40.1166545191792
Lithuania,2022,41.4149148254964
Lithuania,2023,41.30705484785878
Luxembourg,2010,2.26092465513512
Luxembourg,2011,1.40041583894638
Luxembourg,2012,1.37520491000744
Luxembourg,2013,1.59169473251303
Luxembourg,2014,32.6653523983588
Luxembourg,2015,30.550118896407
Luxembourg,2016,34.5298527888845
Luxembourg,2017,32.7315592876103
Luxembourg,2018,35.6957458759022
Luxembourg,2019,37.9993758551984
Luxembourg,2020,38.1812847132283
Luxembourg,2021,41.7206810323815
Luxembourg,2022,42.3309166771307
Luxembourg,2023,41.85196040829826
Latvia,2010,0.276932173902708
Latvia,2011,0.344332573846406
Latvia,2012,0.405498020103563
Latvia,2013,27.69000053405762
Latvia,2014,26.6299991607666
Latvia,2015,27.70000076293945
Latvia,2016,29.11000061035156
Latvia,2017,29.2247144411691
Latvia,2018,30.03000068664551
Latvia,2019,30.94000053405762
Latvia,2020,32.7584526466603
Latvia,2021,31.4416405510326
Latvia,2022,31.9501526697174
Macao,2014,33.0235573805921
Monaco,2016,44.1762580549037
"Moldova, Republic of",2007,15.09000015258789
"Moldova, Republic of",2008,15.61999988555908
"Moldova, Republic of",2009,16.27000045776367
"Moldova, Republic of",2010,16.96999931335449
"Moldova, Republic of",2011,17.8700008392334
"Moldova, Republic of",2012,18.86000061035156
"Moldova, Republic of",2013,19.04000091552734
"Moldova, Republic of",2014,20.09000015258789
"Moldova, Republic of",2015,19.3700008392334
"Moldova, Republic of",2016,18.8268283362424
"Moldova, Republic of",2017,18.9358167783647
"Moldova, Republic of",2018,20.1200008392334
"Moldova, Republic of",2019,20.04999923706055
"Moldova, Republic of",2020,20.19000053405762
"Moldova, Republic of",2021,20.43000030517578
"Moldova, Republic of",2022,20.38999938964844
"Moldova, Republic of",2023,20.9641449953977
Madagascar,2015,2.67682739261421
Madagascar,2018,2.755000114
Madagascar,2021,2.927390098571777
Maldives,2014,1.4142720833792
Maldives,2016,8.53483435991343
Maldives,2017,6.359049797058105
Maldives,2019,10.9565272009233
Mexico,2010,12.76000022888184
Mexico,2013,14.31999969482422
Mexico,2014,13.96000003814697
Mexico,2015,14.77999973297119
Mexico,2016,14.71000003814697
Mexico,2017,15.36999988555908
Mexico,2018,16.02000045776367
Mexico,2020,17.1299991607666
Marshall Islands,2011,3.660000085830688
Marshall Islands,2019,6.20028153337479
Marshall Islands,2021,4.18941621167576
North Macedonia,2010,11.5935749062656
North Macedonia,2011,13.6029104789169
North Macedonia,2012,14.2136545643905
North Macedonia,2013,13.2775440307068
North Macedonia,2014,14.136225362801
North Macedonia,2015,15.2407365857819
North Macedonia,2016,17.0363018068308
North Macedonia,2017,17.2211838975892
North Macedonia,2018,21.12611961364746
North Macedonia,2019,17.5378622612993
North Macedonia,2020,21.68000030517578
North Macedonia,2021,19.3952505952694
North Macedonia,2022,19.8216213417038
North Macedonia,2023,21.0402165578517
Mali,2015,2.651710033416748
Mali,2016,1.54111202650516
Mali,2017,1.63739519375148
Mali,2018,3.127170085906982
Mali,2019,3.092329978942871
Mali,2020,1.559999942779541
Mali,2022,2.334249973297119
Malta,2013,13.09000015258789
Malta,2014,13.46000003814697
Malta,2015,13.27999973297119
Malta,2016,13.48999977111816
Malta,2017,16.7203630770664
Malta,2018,18.42000007629395
Malta,2019,20.462172583433
Malta,2020,21.84000015258789
Malta,2021,22.5654574313324
Malta,2022,22.617417243938
Malta,2023,26.30498250630738
Myanmar,2017,6.76923601153809
Myanmar,2018,7.42544791393225
Myanmar,2019,9.350000381469728
Myanmar,2020,12.3559696343221
Montenegro,2014,16.2787480798211
Montenegro,2015,16.9737661698028
Montenegro,2016,19.2003730432744
Montenegro,2017,19.3194944539764
Montenegro,2018,21.45082092285156
Montenegro,2019,19.7658883846105
Montenegro,2020,19.5769782924972
Montenegro,2021,59.2587922096118
Montenegro,2022,61.0905197857258
Mongolia,2000,12.22999954223633
Mongolia,2010,23.70999908447266
Mongolia,2011,15.34821120411108
Mongolia,2012,24.30225222653942
Mongolia,2013,26.5189302844063
Mongolia,2014,26.716423920714
Mongolia,2015,29.1100380785481
Mongolia,2016,29.1731634080574
Mongolia,2017,29.9934099966658
Mongolia,2018,29.28216934204102
Mongolia,2019,31.9047844687137
Mongolia,2020,32.59999847412109
Mongolia,2021,32.8566634582572
Mongolia,2022,31.64414024353027
Mongolia,2023,31.7103157061099
Mozambique,2015,2.49363815190491
Mozambique,2017,1.830000042915344
Mozambique,2020,3.319999933242798
Mozambique,2022,3.037729978561401
Mauritania,2012,4.30885921897395
Mauritania,2013,2.539999961853027
Mauritania,2015,5.169660091400146
Mauritania,2017,4.71308902790103
Mauritania,2019,2.92197428370784
Montserrat,2020,25.7026858213616
Mauritius,2012,6.42994042994043
Mauritius,2013,7.03904560884547
Mauritius,2014,7.66235020768827
Mauritius,2015,8.4009302068049
Mauritius,2016,7.71900333825071
Mauritius,2017,8.26654066837488
Mauritius,2018,9.33039271241682
Mauritius,2019,9.48778767869735
Mauritius,2020,11.9311512348773
Mauritius,2021,0.0
Malawi,2011,0.781154029345509
Malawi,2015,1.377910017967224
Malawi,2017,0.872150101849221
Malawi,2020,1.320950031280518
Malaysia,2016,11.3100004196167
Malaysia,2017,13.0671643197798
Malaysia,2018,13.2122899865073
Malaysia,2019,12.39000034332275
Malaysia,2020,14.0993814703028
Malaysia,2021,16.4668376993199
Malaysia,2022,14.5600004196167
Namibia,2012,5.54650406369195
Namibia,2013,6.06335964775014
Namibia,2014,5.68375645482394
Namibia,2016,9.27557584221992
New Caledonia,2014,0.0
New Caledonia,2019,15.18865966796875
New Caledonia,2022,19.5735039748593
Niger,2011,1.37539532639909
Niger,2012,1.019999980926514
Niger,2014,1.1348649837939
Niger,2017,1.16503778091146
Niger,2018,1.083320021629333
Niger,2019,1.09039513055497
Niger,2022,0.9713000059127808
Nigeria,2006,9.039999961853027
Nigeria,2016,5.937829971313477
Nigeria,2018,8.148079872131348
Nigeria,2019,6.571269989013672
Nigeria,2021,10.96539974212646
Nigeria,2022,3.47727273608675
Nigeria,2023,3.802413849507381
Niue,2017,27.0906949352179
Niue,2022,24.2117117117117
Netherlands,2010,0.597920970957509
Netherlands,2011,0.484562204253158
Netherlands,2012,0.468291633041137
Netherlands,2013,27.21999931335449
Netherlands,2014,28.01000022888184
Netherlands,2015,28.8700008392334
Netherlands,2016,29.40999984741211
Netherlands,2017,30.2854928334383
Netherlands,2018,31.09000015258789
Netherlands,2019,32.7396489311361
Netherlands,2020,34.77000045776367
Netherlands,2021,35.511966869788
Netherlands,2022,36.6276970898632
Netherlands,2023,36.55733139877559
Norway,2010,0.693232783747628
Norway,2011,0.680939587977885
Norway,2012,0.607396092267306
Norway,2013,0.65100333824794
Norway,2014,25.72999954223633
Norway,2015,26.64999961853027
Norway,2016,27.32999992370605
Norway,2017,28.06999969482422
Norway,2018,30.0355527929332
Norway,2019,29.29000091552734
Norway,2020,32.1195337173679
Norway,2021,30.4537934294493
Norway,2022,31.1733206270668
Norway,2023,32.18682557428635
Nepal,2011,4.559999942779541
Nepal,2017,5.81882394120773
Nauru,2021,1.56774916013437
Nauru,2023,2.116400003433228
New Zealand,2014,26.14999961853027
New Zealand,2015,25.86000061035156
New Zealand,2016,28.10000038146973
New Zealand,2017,29.7358140766735
New Zealand,2018,31.2374538625914
New Zealand,2019,31.6728109147052
New Zealand,2020,32.27999877929688
Oman,2010,12.31999969482422
Oman,2015,12.46000003814697
Oman,2017,5.81013716870154
Oman,2018,5.81011748855743
Oman,2019,5.81015793939725
Oman,2020,17.10000038146973
Oman,2021,13.9395334623162
Oman,2022,19.11000061035156
Pakistan,2005,3.920000076293945
Pakistan,2006,6.300000190734863
Pakistan,2008,6.070000171661377
Pakistan,2009,6.670000076293945
Pakistan,2010,6.96999979019165
Pakistan,2011,7.400000095367432
Pakistan,2012,7.539999961853027
Pakistan,2013,7.989999771118164
Pakistan,2014,8.75
Pakistan,2015,8.06536227255248
Pakistan,2016,16.1812781477153
Pakistan,2017,8.649999618530273
Pakistan,2018,3.890779972076416
Pakistan,2019,8.951080322265625
Pakistan,2021,9.928680419921877
Panama,2010,16.09000015258789
Panama,2019,19.6299991607666
Panama,2022,16.2066171024572
Panama,2023,16.1276831726238
Philippines,2010,16.43481064
Philippines,2013,16.99505997
Philippines,2017,16.02000045776367
Philippines,2019,24.41179085
Philippines,2020,20.34000015258789
Philippines,2021,21.7091607099008
Philippines,2022,18.07571983337402
Palau,2014,19.8220421108272
Palau,2020,14.6928746928746
Papua New Guinea,2018,2.150409936904907
Papua New Guinea,2022,3.13966266418628
Poland,2010,0.527205190259555
Poland,2011,0.510186889424301
Poland,2012,0.519515464770855
Poland,2013,22.6299991607666
Poland,2014,23.70000076293945
Poland,2015,24.2688183058948
Poland,2016,24.95000076293945
Poland,2017,25.8786210917776
Poland,2018,26.4762529716292
Poland,2019,27.2586543302357
Poland,2020,28.01000022888184
Poland,2021,28.2374705508277
Poland,2022,28.6453567025489
Puerto Rico,2012,14.71000003814697
Puerto Rico,2017,7.590000152587891
Puerto Rico,2022,29.83585929870605
Puerto Rico,2023,30.83381080627441
"Korea, Democratic People's Republic of",2010,27.0118774832396
"Korea, Democratic People's Republic of",2011,27.3989254892828
"Korea, Democratic People's Republic of",2012,27.8424556795943
"Korea, Democratic People's Republic of",2013,28.7843105821709
"Korea, Democratic People's Republic of",2014,30.0865550020673
"Korea, Democratic People's Republic of",2015,30.9340772162887
"Korea, Democratic People's Republic of",2016,31.7693635130671
"Korea, Democratic People's Republic of",2017,32.1544823012358
"Korea, Democratic People's Republic of",2018,33.0220803138345
"Korea, Democratic People's Republic of",2019,33.6001867814651
"Korea, Democratic People's Republic of",2020,33.8704392121558
"Korea, Democratic People's Republic of",2021,34.2422504003791
"Korea, Democratic People's Republic of",2022,34.5359720822941
Portugal,2000,7.28000020980835
Portugal,2001,7.570000171661377
Portugal,2002,7.699999809265137
Portugal,2003,8.949999809265137
Portugal,2004,10.22999954223633
Portugal,2005,10.44999980926514
Portugal,2006,11.06999969482422
Portugal,2007,11.21000003814697
Portugal,2008,11.59000015258789
Portugal,2009,11.97999954223633
Portugal,2010,12.65999984741211
Portugal,2011,14.11999988555908
Portugal,2012,15.23999977111816
Portugal,2013,15.86999988555908
Portugal,2014,17.47999954223633
Portugal,2015,18.18000030517578
Portugal,2016,19.0
Portugal,2017,19.25
Portugal,2018,18.64999961853027
Portugal,2019,20.71999931335449
Portugal,2020,22.51000022888184
Portugal,2021,25.0265225418249
Portugal,2022,25.3610609835698
Portugal,2023,23.9583301911284
Paraguay,2012,9.229999542236328
Paraguay,2013,12.18000030517578
Paraguay,2014,11.71000003814697
Paraguay,2015,12.80000019073486
Paraguay,2016,12.35000038146973
Paraguay,2018,13.02000045776367
Paraguay,2019,13.98999977111816
Paraguay,2020,14.1899995803833
"Palestine, State of",2010,13.9264369395314
"Palestine, State of",2011,15.0932184411168
"Palestine, State of",2012,15.7001715577393
"Palestine, State of",2013,16.26000022888184
"Palestine, State of",2014,16.60000038146973
"Palestine, State of",2015,17.1200008392334
"Palestine, State of",2016,17.59000015258789
"Palestine, State of",2017,18.02000045776367
"Palestine, State of",2018,19.09000015258789
"Palestine, State of",2019,21.67661094665527
"Palestine, State of",2020,21.70999908447266
"Palestine, State of",2021,22.1371749748599
"Palestine, State of",2022,22.75
Qatar,2004,20.86000061035156
Qatar,2007,25.1299991607666
Qatar,2008,21.15999984741211
Qatar,2009,19.27000045776367
Qatar,2010,17.1200008392334
Qatar,2011,18.79999923706055
Qatar,2012,20.8799991607666
Qatar,2013,20.51000022888184
Qatar,2014,20.30999946594238
Qatar,2015,17.8108094610146
Qatar,2016,18.8799991607666
Qatar,2017,19.03000068664551
Qatar,2018,19.974573147958
Qatar,2019,19.6199399427819
Qatar,2020,27.9772481947805
Qatar,2021,28.7944862486701
Qatar,2022,30.38999938964844
Romania,2010,0.0483801865884338
Romania,2011,0.0
Romania,2012,0.0647354647665949
Romania,2013,0.0709681471875227
Romania,2014,13.01000022888184
Romania,2015,14.0779940024087
Romania,2016,14.2660110516369
Romania,2017,14.3637039120305
Romania,2018,14.5098527969748
Romania,2019,14.7860216528033
Romania,2020,15.1375657893669
Romania,2021,13.977129198251
Romania,2022,15.2834616142576
Romania,2023,14.60108932805682
Russian Federation,2010,59.2599983215332
Russian Federation,2021,41.22000122070313
Rwanda,2012,2.099999904632568
Rwanda,2014,2.289999961853027
Rwanda,2015,2.206660032272339
Rwanda,2017,5.61589026951343
Rwanda,2018,4.130000114440918
Rwanda,2019,6.01935705557429
Rwanda,2020,3.307909965515137
Rwanda,2021,5.86872089618957
Rwanda,2022,4.460000038146973
Rwanda,2023,5.14924034897064
Saudi Arabia,2004,14.93000030517578
Saudi Arabia,2013,19.94000053405762
Saudi Arabia,2017,25.97999954223633
Saudi Arabia,2018,24.75289462956239
Saudi Arabia,2019,24.53763504258719
Saudi Arabia,2020,31.04999923706055
Saudi Arabia,2021,31.1062124280316
Saudi Arabia,2022,31.3336488869736
Saudi Arabia,2023,30.8887484783962
Sudan,2011,9.64025663714755
Sudan,2022,8.078720092773438
Senegal,2011,2.049999952316284
Senegal,2013,3.119999885559082
Senegal,2015,2.51695990562439
Senegal,2016,3.620670080184937
Senegal,2017,2.759999990463257
Senegal,2018,3.165940046310425
Senegal,2019,3.640539884567261
Senegal,2022,4.90400881209774
Senegal,2023,3.811530113220215
Singapore,2005,17.53000068664551
Singapore,2006,19.60000038146973
Singapore,2007,20.09000015258789
Singapore,2008,21.79999923706055
Singapore,2009,22.54000091552734
Singapore,2010,23.68000030517578
Singapore,2011,24.54999923706055
Singapore,2012,25.68000030517578
Singapore,2013,27.34000015258789
Singapore,2014,27.73999977111816
Singapore,2015,28.20999908447266
Singapore,2016,29.1299991607666
Singapore,2017,30.70999908447266
Singapore,2018,31.60000038146973
Singapore,2019,32.36999893188477
Singapore,2020,32.97999954223633
Singapore,2021,36.06000137329102
Singapore,2022,36.18999862670898
Solomon Islands,2013,12.8985769634645
Sierra Leone,2004,0.8500000238418579
Sierra Leone,2014,3.3499818915345
Sierra Leone,2017,2.141570091247559
Sierra Leone,2018,1.90912629385749
Sierra Leone,2019,1.958230018615723
El Salvador,2013,6.059999942779541
El Salvador,2016,7.119999885559082
El Salvador,2017,6.670000076293945
El Salvador,2019,8.34000015258789
El Salvador,2020,8.430000305175781
El Salvador,2023,7.269999980926514
San Marino,2018,15.76000022888184
San Marino,2020,18.19000053405762
San Marino,2022,18.38999938964844
Somalia,2022,4.269999980926514
Serbia,2002,7.869999885559082
Serbia,2010,9.76889327459015
Serbia,2011,11.80000019073486
Serbia,2012,10.9039058278247
Serbia,2013,11.46000003814697
Serbia,2014,12.64999961853027
Serbia,2015,13.57999992370605
Serbia,2016,14.51000022888184
Serbia,2017,14.89999961853027
Serbia,2018,15.4879373957659
Serbia,2019,15.52000045776367
Serbia,2020,16.2851517037267
Serbia,2021,16.9075476071256
Serbia,2022,17.0843821027237
Serbia,2023,18.6692014707128
South Sudan,2008,3.769999980926514
Sao Tome and Principe,2012,3.259999990463257
Sao Tome and Principe,2017,2.75315551476567
Sao Tome and Principe,2019,4.847970008850098
Suriname,2018,4.951389789581299
Suriname,2022,8.930620193481445
Slovakia,2010,0.0
Slovakia,2011,18.56999969482422
Slovakia,2012,13.7725563533213
Slovakia,2013,14.7576356467027
Slovakia,2014,18.05999946594238
Slovakia,2015,18.92000007629395
Slovakia,2016,19.63999938964844
Slovakia,2017,20.68000030517578
Slovakia,2018,21.88999938964844
Slovakia,2019,22.86000061035156
Slovakia,2020,23.6204921916894
Slovakia,2021,24.5144330902146
Slovakia,2022,25.8375119756338
Slovakia,2023,25.28862783481164
Slovenia,2014,18.21999931335449
Slovenia,2015,18.80999946594238
Slovenia,2016,19.63999938964844
Slovenia,2017,20.68000030517578
Slovenia,2018,20.6114621804863
Slovenia,2019,21.51000022888184
Slovenia,2020,23.6385958157252
Slovenia,2021,26.5943375572734
Slovenia,2022,26.0893592617694
Slovenia,2023,22.04160355122488
Sweden,2010,1.26070202687366
Sweden,2011,1.32412936814551
Sweden,2012,1.32059145529581
Sweden,2013,22.04000091552734
Sweden,2014,22.54000091552734
Sweden,2015,23.0
Sweden,2016,23.47999954223633
Sweden,2017,23.94000053405762
Sweden,2018,30.993706917326
Sweden,2019,25.07999992370605
Sweden,2020,32.5396300918696
Sweden,2021,32.6667123783444
Sweden,2022,33.6940699920887
Sweden,2023,34.88302720853109
Eswatini,2016,12.6465690519991
Eswatini,2021,14.4894856517532
Eswatini,2022,6.407549858093262
Eswatini,2023,18.2514578591717
Seychelles,2023,9.524987889400183
Turks and Caicos Islands,2019,11.7487096786499
Chad,2009,0.8600000143051147
Chad,2018,2.73194321431176
Chad,2019,1.756500005722046
Togo,2011,5.48917351165029
Togo,2015,5.65889363223162
Togo,2017,3.101939916610718
Togo,2019,3.80260675388063
Togo,2022,4.442689895629883
Thailand,2013,13.13000011444092
Thailand,2016,14.8100004196167
Thailand,2018,14.9399995803833
Thailand,2019,15.63000011444092
Thailand,2022,17.35000038146973
Tajikistan,2000,10.64999961853027
Tajikistan,2016,13.4074633159107
Tajikistan,2017,12.01000022888184
Tokelau,2016,10.0175746924428
Tokelau,2022,15.5172413793103
Turkmenistan,2015,10.14307975769043
Turkmenistan,2019,13.8386697769165
Timor-Leste,2016,7.364930152893066
Timor-Leste,2021,10.4989487108462
Timor-Leste,2022,1.26540035357277
Tonga,2016,3.653284508041124
Tonga,2018,3.88434383055026
Tonga,2019,9.493229866027832
Tonga,2021,5.45926840693267
Tonga,2023,5.991644097634459
Trinidad and Tobago,2008,9.829999923706056
Trinidad and Tobago,2009,9.609999656677246
Trinidad and Tobago,2011,5.789999961853027
Trinidad and Tobago,2019,0.0460026655132984
Trinidad and Tobago,2020,0.181459174443488
Trinidad and Tobago,2021,0.147553568481139
Trinidad and Tobago,2022,10.1399097442627
Tunisia,2018,13.39813041687012
Tunisia,2019,13.8788768938855
Tunisia,2023,12.80282974243164
Türkiye,2010,0.743439261094996
Türkiye,2011,0.970471078179571
Türkiye,2012,1.12562474091675
Türkiye,2013,1.25471688708508
Türkiye,2014,9.70770785257776
Türkiye,2015,10.5960102503016
Türkiye,2016,11.4939591257546
Türkiye,2017,12.0233484978605
Türkiye,2018,12.4488387707495
Türkiye,2019,13.2090661192536
Türkiye,2020,14.2070664288443
Türkiye,2021,20.4976113118032
Türkiye,2022,20.9415739036351
Tuvalu,2016,6.2206352189438
Tuvalu,2017,8.43443096476025
Tuvalu,2022,6.05095541401274
"Tanzania, United Republic of",2010,0.481108103401327
"Tanzania, United Republic of",2012,1.07453580563475
"Tanzania, United Republic of",2014,1.09650888232317
"Tanzania, United Republic of",2015,1.676499962806702
"Tanzania, United Republic of",2018,1.419360041618347
"Tanzania, United Republic of",2020,1.57470775750061
"Tanzania, United Republic of",2022,2.319760084152222
Uganda,2008,1.840000033378601
Uganda,2010,2.960000038146973
Uganda,2011,1.66774530456937
Uganda,2012,1.81065942942233
Uganda,2014,2.44184782223205
Uganda,2016,0.9403300285339355
Uganda,2017,2.92620808573188
Uganda,2019,4.25233615147672
Uganda,2021,4.43540855511054
Ukraine,2001,16.75
Uruguay,2013,7.199999809265137
Uruguay,2014,7.409999847412109
Uruguay,2015,10.5
Uruguay,2016,10.46000003814697
Uruguay,2017,11.34000015258789
Uruguay,2018,11.47000026702881
Uruguay,2019,11.84000015258789
Uruguay,2022,22.01000022888184
United States,2010,29.9961310139709
United States,2011,30.41815638809
United States,2012,31.0561861001309
United States,2013,31.65999984741211
United States,2014,31.95999908447266
United States,2015,32.5
United States,2016,33.43999862670898
United States,2017,32.0158805847168
United States,2018,34.9900016784668
United States,2019,36.0551534821671
United States,2020,37.52000045776367
United States,2021,35.04922866821289
United States,2022,37.65999984741211
United States,2023,38.60113143920898
Uzbekistan,2013,15.42000007629395
Uzbekistan,2014,15.68000030517578
Uzbekistan,2015,15.80000019073486
Uzbekistan,2016,16.31999969482422
Uzbekistan,2018,16.29999923706055
Uzbekistan,2019,16.43000030517578
Uzbekistan,2021,16.45000076293945
Uzbekistan,2022,16.85000038146973
"Venezuela, Bolivarian Republic of",2011,18.51000022888184
"Venezuela, Bolivarian Republic of",2015,21.54000091552734
"Venezuela, Bolivarian Republic of",2016,25.14999961853027
"Venezuela, Bolivarian Republic of",2017,22.2573749832562
Viet Nam,2019,10.25
Viet Nam,2020,10.3575079255351
Viet Nam,2021,10.2703872617565
Viet Nam,2022,11.52000045776367
Viet Nam,2023,11.2206145858019
Vanuatu,2010,2.93270326846152
Vanuatu,2019,3.5038297674202
Vanuatu,2020,2.58072925152334
Vanuatu,2023,3.335170030593872
Wallis and Futuna,2018,11.4437398613773
Wallis and Futuna,2019,5.25120635821742
Wallis and Futuna,2023,13.5103926096997
Samoa,2001,3.940000057220459
Samoa,2019,11.00469970703125
Samoa,2022,16.4844257806228
Yemen,2014,4.98842017878782
South Africa,2010,4.83927636746519
South Africa,2011,5.18007905243918
South Africa,2013,5.95415062362686
South Africa,2014,6.03802110378271
South Africa,2015,6.070000171661377
South Africa,2016,8.25026353561771
South Africa,2017,8.25
South Africa,2018,11.1089559421463
South Africa,2019,8.020000457763672
South Africa,2020,7.681920051574707
South Africa,2021,12.96000003814697
South Africa,2022,11.434391271122
South Africa,2023,12.2000166069921
Zambia,2017,1.58607091464752
Zambia,2018,1.814720034599304
Zambia,2019,2.25983348350535
Zambia,2020,3.26121477648747
Zambia,2021,2.33702471113479
Zambia,2022,2.71212393326479
Zimbabwe,2015,6.959839820861816
Zimbabwe,2017,3.25
Zimbabwe,2019,5.709750175476074
Zimbabwe,2021,0.959930828080049
Zimbabwe,2022,0.913877996562986
